title_id	ordering	type
tt0004287	1	imdbDisplay
tt0004307	2	original
tt0005005	7	original
tt0006548	19	imdbDisplay
tt0007858	3	imdbDisplay
tt0010108	1	imdbDisplay
tt0010306	1	imdbDisplay
tt0011231	5	imdbDisplay
tt0012432	2	imdbDisplay
tt0012466	2	imdbDisplay
tt0012468	1	imdbDisplay
tt0012734	5	imdbDisplay
tt0016615	5	imdbDisplay
tt0017242	8	imdbDisplay
tt0018520	1	imdbDisplay
tt0018811	1	original
tt0018994	3	imdbDisplay
tt0019773	8	imdbDisplay
tt0020768	3	imdbDisplay
tt0021137	1	original
tt0021778	4	imdbDisplay
tt0022353	14	imdbDisplay
tt0022816	1	imdbDisplay
tt0023071	5	original
tt0023209	4	imdbDisplay
tt0024061	4	imdbDisplay
tt0024099	2	imdbDisplay
tt0024744	2	imdbDisplay
tt0025007	2	imdbDisplay
tt0025591	30	imdbDisplay
tt0026005	1	imdbDisplay
tt0027155	6	imdbDisplay
tt0027171	10	imdbDisplay
tt0028071	1	original
tt0028352	5	imdbDisplay
tt0028359	16	alternative
tt0029036	13	imdbDisplay
tt0029039	8	imdbDisplay
tt0029870	26	imdbDisplay
tt0030051	2	imdbDisplay
tt0030484	1	imdbDisplay
tt0030884	1	imdbDisplay
tt0031973	2	imdbDisplay
tt0033231	3	original
tt0033238	11	imdbDisplay
tt0033435	16	original
tt0033835	5	imdbDisplay
tt0033987	6	imdbDisplay
tt0034076	10	imdbDisplay
tt0034093	21	imdbDisplay
tt0034753	4	imdbDisplay
tt0034883	3	imdbDisplay
tt0036108	2	original
tt0036625	15	imdbDisplay
tt0036952	6	imdbDisplay
tt0037232	5	imdbDisplay
tt0037690	4	imdbDisplay
tt0037701	6	imdbDisplay
tt0037771	8	imdbDisplay
tt0038127	1	imdbDisplay
tt0039472	3	imdbDisplay
tt0040731	7	original
tt0040876	46	imdbDisplay
tt0040920	4	imdbDisplay
tt0041270	1	imdbDisplay
tt0041448	2	imdbDisplay
tt0041474	4	imdbDisplay
tt0041716	26	imdbDisplay
tt0041967	4	alternative
tt0042200	21	imdbDisplay
tt0042897	14	imdbDisplay
tt0043311	6	original
tt0044630	11	imdbDisplay
tt0044812	6	imdbDisplay
tt0044818	2	imdbDisplay
tt0044859	17	imdbDisplay
tt0045040	6	imdbDisplay
tt0045806	3	original
tt0046681	1	original
tt0047091	3	alternative
tt0047162	8	imdbDisplay
tt0047424	20	imdbDisplay
tt0047507	3	imdbDisplay
tt0048078	6	imdbDisplay
tt0049372	3	imdbDisplay
tt0049696	20	imdbDisplay
tt0049949	2	imdbDisplay
tt0049972	3	imdbDisplay
tt0050762	2	original
tt0051405	6	imdbDisplay
tt0051439	9	imdbDisplay
tt0052327	18	imdbDisplay
tt0052507	7	imdbDisplay
tt0052958	1	original
tt0053714	3	imdbDisplay
tt0054693	13	working
tt0055408	6	imdbDisplay
tt0055934	6	imdbDisplay
tt0056193	17	imdbDisplay
tt0056732	28	imdbDisplay
tt0057128	25	imdbDisplay
tt0057682	6	imdbDisplay
tt0058099	1	imdbDisplay
tt0058144	5	alternative
tt0058154	4	imdbDisplay
tt0058167	4	imdbDisplay
tt0059652	1	original
tt0059971	3	original
tt0060302	1	imdbDisplay
tt0060710	1	imdbDisplay
tt0061913	18	imdbDisplay
tt0061960	14	imdbDisplay
tt0061985	3	original
tt0062574	1	imdbDisplay
tt0062706	3	original
tt0062958	11	imdbDisplay
tt0063578	2	original
tt0063895	4	imdbDisplay
tt0064294	7	imdbDisplay
tt0064588	13	imdbDisplay
tt0064719	2	imdbDisplay
tt0065052	1	imdbDisplay
tt0065157	2	imdbDisplay
tt0065184	2	imdbDisplay
tt0066064	22	imdbDisplay
tt0066808	27	imdbDisplay
tt0067229	19	imdbDisplay
tt0067896	10	video
tt0068003	6	imdbDisplay
tt0068323	29	imdbDisplay
tt0068361	28	imdbDisplay
tt0068415	19	imdbDisplay
tt0069114	7	imdbDisplay
tt0070091	6	imdbDisplay
tt0070185	4	festival
tt0071559	3	imdbDisplay
tt0072288	14	imdbDisplay
tt0073569	1	imdbDisplay
tt0073840	1	imdbDisplay
tt0074739	3	imdbDisplay
tt0075730	6	imdbDisplay
tt0075923	5	dvd
tt0076406	2	imdbDisplay
tt0077372	21	imdbDisplay
tt0077617	9	imdbDisplay
tt0078269	12	imdbDisplay
tt0078388	3	imdbDisplay
tt0079055	4	imdbDisplay
tt0080058	17	imdbDisplay
tt0080065	5	imdbDisplay
tt0080274	21	imdbDisplay
tt0080868	8	imdbDisplay
tt0080932	4	original
tt0081386	2	imdbDisplay
tt0081506	18	imdbDisplay
tt0081530	5	working
tt0081539	18	alternative
tt0082111	13	imdbDisplay
tt0082127	2	original
tt0084494	2	imdbDisplay
tt0084616	7	imdbDisplay
tt0084854	33	imdbDisplay
tt0085333	24	imdbDisplay
tt0086646	25	imdbDisplay
tt0088195	11	original
tt0088912	14	imdbDisplay
tt0088950	2	imdbDisplay
tt0089274	11	imdbDisplay
tt0089365	8	working
tt0089751	3	original
tt0090333	11	imdbDisplay
tt0090633	3	alternative
tt0090644	14	imdbDisplay
tt0092907	3	imdbDisplay
tt0093771	18	imdbDisplay
tt0094525	49	alternative
tt0094599	5	imdbDisplay
tt0094701	3	imdbDisplay
tt0094737	48	imdbDisplay
tt0095162	5	imdbDisplay
tt0095825	16	imdbDisplay
tt0097332	2	imdbDisplay
tt0097967	16	imdbDisplay
tt0098546	1	imdbDisplay
tt0098803	13	imdbDisplay
tt0099326	3	imdbDisplay
tt0100024	1	imdbDisplay
tt0100234	15	festival
tt0100300	21	imdbDisplay
tt0101694	26	imdbDisplay
tt0101745	18	imdbDisplay
tt0102386	1	imdbDisplay
tt0102613	7	imdbDisplay
tt0103223	14	original
tt0103293	8	imdbDisplay
tt0103436	2	imdbDisplay
tt0103994	22	imdbDisplay
tt0104570	18	imdbDisplay
tt0105265	17	imdbDisplay
tt0105459	28	imdbDisplay
tt0106879	3	imdbDisplay
tt0106913	2	dvd
tt0108010	1	imdbDisplay
tt0109410	4	original
tt0110153	2	imdbDisplay
tt0110361	2	imdbDisplay
tt0110877	5	imdbDisplay
tt0110955	12	imdbDisplay
tt0111341	17	imdbDisplay
tt0112853	1	imdbDisplay
tt0113419	6	imdbDisplay
tt0114193	13	video
tt0114496	41	imdbDisplay
tt0114866	7	original
tt0115059	5	original
tt0116367	30	imdbDisplay
tt0116999	26	imdbDisplay
tt0118174	13	imdbDisplay
tt0118856	14	imdbDisplay
tt0118971	26	imdbDisplay
tt0119196	12	imdbDisplay
tt0119488	54	imdbDisplay
tt0119545	5	imdbDisplay
tt0119653	4	video
tt0119903	4	imdbDisplay
tt0120078	2	original
tt0120168	2	original
tt0120389	20	imdbDisplay
tt0120489	2	imdbDisplay
tt0122016	1	imdbDisplay
tt0122248	1	original
tt0123119	5	imdbDisplay
tt0124151	3	original
tt0124563	1	imdbDisplay
tt0124968	2	imdbDisplay
tt0126916	28	imdbDisplay
tt0127948	7	original
tt0128250	1	original
tt0128362	1	imdbDisplay
tt0128961	1	imdbDisplay
tt0130805	1	imdbDisplay
tt0130907	4	original
tt0132011	11	imdbDisplay
tt0134743	9	imdbDisplay
tt0136752	4	original
tt0137452	5	imdbDisplay
tt0137649	2	original
tt0140791	2	imdbDisplay
tt0141339	2	original
tt0141923	2	imdbDisplay
tt0141972	1	imdbDisplay
tt0142409	4	working
tt0143005	4	original
tt0143944	4	imdbDisplay
tt0146449	3	original
tt0146571	11	imdbDisplay
tt0147145	1	imdbDisplay
tt0149898	2	imdbDisplay
tt0156464	2	imdbDisplay
tt0159995	11	imdbDisplay
tt0160654	2	original
tt0160801	6	imdbDisplay
tt0161924	1	original
tt0162135	1	original
tt0162346	37	imdbDisplay
tt0164442	3	original
tt0165309	5	original
tt0165389	6	imdbDisplay
tt0168252	2	imdbDisplay
tt0168824	2	imdbDisplay
tt0169455	6	imdbDisplay
tt0169601	14	imdbDisplay
tt0174255	4	tv
tt0176223	2	imdbDisplay
tt0176708	3	imdbDisplay
tt0179443	2	dvd
tt0180825	2	alternative
tt0184179	1	original
tt0184694	2	original
tt0185618	3	imdbDisplay
tt0185937	29	imdbDisplay
tt0185971	2	imdbDisplay
tt0186277	5	imdbDisplay
tt0186690	1	imdbDisplay
tt0187738	8	imdbDisplay
tt0191915	21	imdbDisplay
tt0192632	1	original
tt0193065	9	tv
tt0193560	20	imdbDisplay
tt0196720	4	working
tt0199531	4	original
tt0200430	4	imdbDisplay
tt0201365	4	original
tt0202390	4	festival
tt0207145	14	imdbDisplay
tt0209164	2	original
tt0210897	2	original
tt0210942	3	imdbDisplay
tt0215831	2	original
tt0218625	1	imdbDisplay
tt0219028	2	original
tt0220719	2	original
tt0220924	2	imdbDisplay
tt0221561	1	imdbDisplay
tt0224853	8	imdbDisplay
tt0229080	7	imdbDisplay
tt0229777	3	alternative
tt0231194	1	imdbDisplay
tt0231402	19	imdbDisplay
tt0231675	3	imdbDisplay
tt0232578	3	imdbDisplay
tt0235606	11	imdbDisplay
tt0237570	3	imdbDisplay
tt0239476	3	alternative
tt0240999	2	imdbDisplay
tt0243319	1	imdbDisplay
tt0243595	2	imdbDisplay
tt0245097	3	imdbDisplay
tt0246619	13	imdbDisplay
tt0247672	2	original
tt0248667	35	imdbDisplay
tt0250485	2	imdbDisplay
tt0252858	2	imdbDisplay
tt0254658	2	imdbDisplay
tt0258446	6	original
tt0259562	1	imdbDisplay
tt0260523	1	original
tt0261019	2	imdbDisplay
tt0262055	3	original
tt0262169	1	original
tt0265086	42	imdbDisplay
tt0268030	1	original
tt0269743	26	imdbDisplay
tt0271238	1	original
tt0271689	1	original
tt0273863	2	imdbDisplay
tt0274876	1	original
tt0275410	4	imdbDisplay
tt0276113	1	original
tt0276587	4	imdbDisplay
tt0277160	3	imdbDisplay
tt0277945	1	imdbDisplay
tt0279375	1	original
tt0279725	3	imdbDisplay
tt0281886	1	original
tt0282058	2	original
tt0284178	1	imdbDisplay
tt0284655	7	imdbDisplay
tt0285960	1	video
tt0288411	2	original
tt0290405	2	imdbDisplay
tt0292185	2	imdbDisplay
tt0294316	4	imdbDisplay
tt0294369	2	imdbDisplay
tt0294715	2	original
tt0298148	49	imdbDisplay
tt0298351	11	dvd
tt0300446	2	imdbDisplay
tt0301215	3	original
tt0303034	2	imdbDisplay
tt0303360	1	imdbDisplay
tt0304887	1	original
tt0306482	3	original
tt0306830	1	imdbDisplay
tt0306872	1	imdbDisplay
tt0311863	7	imdbDisplay
tt0312757	2	original
tt0314535	2	imdbDisplay
tt0314888	2	imdbDisplay
tt0315790	1	original
tt0318034	21	imdbDisplay
tt0320074	2	original
tt0320882	9	imdbDisplay
tt0321646	1	imdbDisplay
tt0322116	1	imdbDisplay
tt0322189	2	imdbDisplay
tt0323191	1	imdbDisplay
tt0323620	1	original
tt0324061	2	imdbDisplay
tt0331806	2	original
tt0333313	1	alternative
tt0336184	1	original
tt0336514	2	imdbDisplay
tt0342217	2	imdbDisplay
tt0342330	2	imdbDisplay
tt0342797	1	original
tt0343603	8	tv
tt0343660	26	imdbDisplay
tt0344389	2	original
tt0345078	2	original
tt0346934	7	alternative
tt0348505	10	imdbDisplay
tt0348815	1	imdbDisplay
tt0348954	1	imdbDisplay
tt0349831	2	imdbDisplay
tt0350619	2	original
tt0351143	2	imdbDisplay
tt0354672	1	original
tt0356903	2	imdbDisplay
tt0359349	2	imdbDisplay
tt0368103	1	imdbDisplay
tt0368640	2	original
tt0368751	1	original
tt0368838	5	imdbDisplay
tt0370068	2	original
tt0371572	13	imdbDisplay
tt0372439	1	imdbDisplay
tt0372792	2	original
tt0373074	38	imdbDisplay
tt0373460	2	alternative
tt0373668	2	imdbDisplay
tt0377692	1	original
tt0379622	1	imdbDisplay
tt0381111	9	imdbDisplay
tt0381798	29	imdbDisplay
tt0383472	2	original
tt0384623	1	alternative
tt0385500	1	original
tt0385887	11	imdbDisplay
tt0388349	1	dvd
tt0388727	10	imdbDisplay
tt0391296	1	original
tt0392550	2	imdbDisplay
tt0393236	2	imdbDisplay
tt0393834	3	alternative
tt0396606	2	imdbDisplay
tt0397726	1	imdbDisplay
tt0398712	16	imdbDisplay
tt0400690	7	imdbDisplay
tt0401855	28	imdbDisplay
tt0404112	1	imdbDisplay
tt0408409	10	imdbDisplay
tt0409591	31	imdbDisplay
tt0415972	1	imdbDisplay
tt0416713	3	imdbDisplay
tt0419497	2	imdbDisplay
tt0420410	6	original
tt0420803	2	imdbDisplay
tt0422778	10	original
tt0430931	1	imdbDisplay
tt0431851	1	imdbDisplay
tt0432073	1	imdbDisplay
tt0432880	1	imdbDisplay
tt0432883	2	original
tt0432924	1	original
tt0435705	2	imdbDisplay
tt0438299	3	original
tt0439697	1	original
tt0441685	1	imdbDisplay
tt0443733	4	original
tt0444371	2	imdbDisplay
tt0445948	3	imdbDisplay
tt0452157	2	imdbDisplay
tt0454689	3	imdbDisplay
tt0456554	2	imdbDisplay
tt0457240	1	imdbDisplay
tt0458992	1	original
tt0461445	2	original
tt0461792	2	original
tt0461817	2	imdbDisplay
tt0462160	3	imdbDisplay
tt0462263	2	original
tt0463281	4	imdbDisplay
tt0463771	1	original
tt0464015	1	imdbDisplay
tt0464694	2	imdbDisplay
tt0465206	2	original
tt0466614	2	imdbDisplay
tt0469611	4	imdbDisplay
tt0472885	1	imdbDisplay
tt0476116	1	original
tt0477685	2	original
tt0478087	33	imdbDisplay
tt0479475	2	imdbDisplay
tt0480786	1	original
tt0481382	1	imdbDisplay
tt0488005	3	alternative
tt0492323	3	imdbDisplay
tt0492758	1	imdbDisplay
tt0493813	1	original
tt0494769	1	original
tt0494841	3	original
tt0495419	2	imdbDisplay
tt0496436	3	imdbDisplay
tt0496747	1	imdbDisplay
tt0496775	2	imdbDisplay
tt0496821	2	original
tt0498015	2	original
tt0498415	2	original
tt0498672	2	imdbDisplay
tt0534098	3	original
tt0644755	2	original
tt0758933	1	imdbDisplay
tt0759652	3	imdbDisplay
tt0762121	9	original
tt0764989	1	original
tt0765725	1	imdbDisplay
tt0765829	2	imdbDisplay
tt0784146	1	imdbDisplay
tt0787505	10	imdbDisplay
tt0791204	2	imdbDisplay
tt0795366	2	imdbDisplay
tt0799949	17	imdbDisplay
tt0806175	3	original
tt0807026	1	original
tt0808508	18	alternative
tt0808894	3	original
tt0809504	7	imdbDisplay
tt0812324	3	imdbDisplay
tt0813495	4	imdbDisplay
tt0814194	1	original
tt0814241	2	original
tt0819768	2	imdbDisplay
tt0826109	1	original
tt0827947	2	original
tt0829183	2	original
tt0830570	6	original
tt0832873	3	original
tt0835783	1	original
tt0841027	7	imdbDisplay
tt0841157	1	original
tt0843256	1	original
tt0844420	2	imdbDisplay
tt0844724	2	imdbDisplay
tt0845952	16	alternative
tt0847047	2	original
tt0864928	1	imdbDisplay
tt0871857	2	working
tt0885761	1	imdbDisplay
tt0889659	2	original
tt0907634	2	original
tt0910907	3	alternative
tt0913401	10	imdbDisplay
tt0918936	2	original
tt0939443	1	imdbDisplay
tt0953593	2	original
tt0958135	2	original
tt0961133	2	original
tt0961174	1	original
tt0963737	1	original
tt0983193	6	imdbDisplay
tt0991139	2	original
tt0995064	3	imdbDisplay
tt10075518	2	imdbDisplay
tt10130442	2	imdbDisplay
tt10154968	2	original
tt10168096	1	original
tt1017862	2	original
tt10180448	2	imdbDisplay
tt10201294	2	original
tt1029293	1	imdbDisplay
tt10313066	9	imdbDisplay
tt10340152	1	imdbDisplay
tt10340748	4	imdbDisplay
tt10355058	4	imdbDisplay
tt10369250	1	imdbDisplay
tt10382782	2	imdbDisplay
tt10394192	1	original
tt1039823	2	imdbDisplay
tt10423432	1	original
tt10434116	5	imdbDisplay
tt1044984	3	imdbDisplay
tt10457670	5	imdbDisplay
tt10473150	7	imdbDisplay
tt1051914	2	original
tt10521308	3	imdbDisplay
tt1054543	1	imdbDisplay
tt10558846	2	imdbDisplay
tt10580064	31	imdbDisplay
tt10602522	1	original
tt10617084	2	imdbDisplay
tt10621214	2	imdbDisplay
tt10662466	2	original
tt10691254	2	original
tt10732794	8	imdbDisplay
tt10755946	2	imdbDisplay
tt10761868	1	original
tt1076819	1	original
tt10771518	3	imdbDisplay
tt10771908	1	imdbDisplay
tt10776692	1	imdbDisplay
tt1078940	46	imdbDisplay
tt10803244	1	original
tt10805744	2	imdbDisplay
tt10826110	2	imdbDisplay
tt10827638	1	original
tt10839422	11	imdbDisplay
tt1084008	1	original
tt1086055	2	imdbDisplay
tt10902156	2	imdbDisplay
tt10921366	2	imdbDisplay
tt10926768	10	original
tt10964992	15	imdbDisplay
tt10975692	2	original
tt11003218	24	imdbDisplay
tt1104814	3	working
tt11067738	11	original
tt1111300	2	imdbDisplay
tt1111417	2	imdbDisplay
tt11127690	7	imdbDisplay
tt11128256	1	original
tt11136430	4	imdbDisplay
tt11147106	9	imdbDisplay
tt11171348	2	imdbDisplay
tt11173544	22	imdbDisplay
tt11198496	7	imdbDisplay
tt11218428	4	original
tt11239896	2	imdbDisplay
tt11247660	1	imdbDisplay
tt11261524	2	imdbDisplay
tt11261820	10	imdbDisplay
tt1130857	2	imdbDisplay
tt11317654	3	imdbDisplay
tt11327514	10	imdbDisplay
tt11344890	2	imdbDisplay
tt1134547	1	imdbDisplay
tt11386832	18	imdbDisplay
tt11459366	6	imdbDisplay
tt11485300	3	imdbDisplay
tt11496136	3	imdbDisplay
tt11539990	1	imdbDisplay
tt11540284	2	imdbDisplay
tt11540726	25	original
tt1155387	3	original
tt11570268	1	imdbDisplay
tt11595172	2	imdbDisplay
tt11599966	2	original
tt1160496	1	original
tt11608104	2	original
tt11658120	6	imdbDisplay
tt11683380	1	original
tt11704358	1	imdbDisplay
tt11741716	2	original
tt11783516	2	imdbDisplay
tt11795652	18	imdbDisplay
tt1179933	47	imdbDisplay
tt11801494	1	original
tt1180309	1	original
tt11804152	36	imdbDisplay
tt11814296	2	imdbDisplay
tt1181449	1	original
tt11865636	1	original
tt11883878	3	imdbDisplay
tt11884806	2	original
tt11886172	7	imdbDisplay
tt11899058	2	original
tt11922090	1	imdbDisplay
tt1195829	2	original
tt1202298	2	imdbDisplay
tt12064082	1	imdbDisplay
tt12108272	12	imdbDisplay
tt12121160	2	imdbDisplay
tt1212437	2	imdbDisplay
tt12174438	2	original
tt12181598	2	imdbDisplay
tt12199536	4	original
tt1220214	9	original
tt1221949	1	imdbDisplay
tt12227576	1	original
tt12236118	2	imdbDisplay
tt12243006	1	original
tt12265096	2	imdbDisplay
tt1226837	24	imdbDisplay
tt12307262	2	imdbDisplay
tt12312860	2	imdbDisplay
tt1233487	11	imdbDisplay
tt12339648	2	original
tt12367768	1	original
tt12373748	1	imdbDisplay
tt12374492	1	original
tt1237911	2	original
tt12389846	1	original
tt12413328	2	imdbDisplay
tt12417684	1	original
tt12418526	2	original
tt1242633	2	imdbDisplay
tt1242774	5	imdbDisplay
tt1242875	2	original
tt12447796	13	imdbDisplay
tt1245729	1	original
tt12496988	1	imdbDisplay
tt1251757	5	imdbDisplay
tt12525718	2	original
tt1254241	2	imdbDisplay
tt12543672	2	imdbDisplay
tt1254978	1	original
tt12567072	13	imdbDisplay
tt12584302	1	imdbDisplay
tt1259570	5	imdbDisplay
tt12605202	1	imdbDisplay
tt12611068	2	imdbDisplay
tt12634270	2	imdbDisplay
tt12637984	1	original
tt1266684	2	imdbDisplay
tt12678584	3	original
tt12701988	2	imdbDisplay
tt1272878	32	imdbDisplay
tt12782332	5	original
tt12793440	1	imdbDisplay
tt1281374	16	dvd
tt1282485	1	imdbDisplay
tt12829576	2	imdbDisplay
tt1286589	1	original
tt1286809	10	imdbDisplay
tt1287878	22	imdbDisplay
tt12950594	2	original
tt12972478	2	original
tt12987396	5	imdbDisplay
tt12993404	2	imdbDisplay
tt12995320	2	original
tt1300167	1	original
tt1300660	2	imdbDisplay
tt13009836	1	original
tt1308127	2	original
tt13097598	2	original
tt13099026	3	original
tt13100222	8	imdbDisplay
tt13108358	2	imdbDisplay
tt1312172	1	original
tt13130198	1	imdbDisplay
tt13134442	1	imdbDisplay
tt13142360	1	original
tt1314761	2	imdbDisplay
tt13154336	12	imdbDisplay
tt1315939	1	original
tt13198446	2	original
tt13258930	1	original
tt13259794	5	imdbDisplay
tt13270424	31	alternative
tt13274362	1	original
tt13280430	2	imdbDisplay
tt1331056	1	original
tt13316746	12	imdbDisplay
tt1334265	1	imdbDisplay
tt1337161	2	imdbDisplay
tt13375278	2	original
tt13396380	2	imdbDisplay
tt1342261	2	original
tt13428712	3	original
tt13455648	2	imdbDisplay
tt1345851	1	imdbDisplay
tt13459428	6	imdbDisplay
tt13464426	2	original
tt13513418	2	imdbDisplay
tt13514392	4	imdbDisplay
tt13515946	3	imdbDisplay
tt13528588	2	original
tt13561578	1	imdbDisplay
tt13562436	2	original
tt1356721	2	original
tt13578058	1	original
tt13583118	1	imdbDisplay
tt13583402	1	original
tt13588714	1	original
tt13644402	1	imdbDisplay
tt13651648	2	original
tt13694838	1	imdbDisplay
tt13701608	2	imdbDisplay
tt13733758	2	imdbDisplay
tt1375710	6	imdbDisplay
tt1376247	1	imdbDisplay
tt13777484	1	imdbDisplay
tt13787726	2	imdbDisplay
tt13801808	1	original
tt13802658	20	imdbDisplay
tt13819576	1	original
tt1382533	3	imdbDisplay
tt1383705	1	imdbDisplay
tt13851844	1	original
tt13852960	2	original
tt13946490	2	imdbDisplay
tt13961434	2	original
tt13964276	1	imdbDisplay
tt13976876	1	original
tt13982708	7	imdbDisplay
tt13988516	1	imdbDisplay
tt14008182	4	original
tt14030846	1	imdbDisplay
tt14055096	2	imdbDisplay
tt14068850	2	imdbDisplay
tt14084468	1	imdbDisplay
tt14104600	9	imdbDisplay
tt14149446	2	imdbDisplay
tt14152656	1	imdbDisplay
tt14153420	11	imdbDisplay
tt14167670	2	imdbDisplay
tt14210090	1	imdbDisplay
tt1421051	39	imdbDisplay
tt14212070	5	imdbDisplay
tt14212824	1	original
tt1423648	1	original
tt14249986	2	original
tt14264524	1	imdbDisplay
tt14316750	2	original
tt1435476	2	original
tt14362274	2	original
tt1439217	3	imdbDisplay
tt1441358	1	original
tt14417272	2	imdbDisplay
tt14489278	2	imdbDisplay
tt14509020	2	original
tt14509130	3	imdbDisplay
tt1454118	2	original
tt14544722	2	imdbDisplay
tt14544760	2	original
tt14550694	4	imdbDisplay
tt1456194	1	original
tt14576152	2	imdbDisplay
tt14576354	1	imdbDisplay
tt14585982	1	imdbDisplay
tt14669006	2	imdbDisplay
tt14696754	4	imdbDisplay
tt1470798	1	imdbDisplay
tt1471156	8	original
tt14713906	1	original
tt14732108	3	original
tt14746934	2	imdbDisplay
tt14748532	2	original
tt14758408	1	imdbDisplay
tt14765672	2	imdbDisplay
tt14771510	7	imdbDisplay
tt14780946	10	imdbDisplay
tt1478365	2	imdbDisplay
tt1480034	3	original
tt14809362	1	imdbDisplay
tt1482265	2	imdbDisplay
tt14843072	1	imdbDisplay
tt14852960	15	imdbDisplay
tt14857882	3	original
tt14880428	3	imdbDisplay
tt14913068	2	original
tt14922118	2	original
tt14923244	3	imdbDisplay
tt14924402	1	original
tt14947676	1	original
tt14947728	2	original
tt14947852	2	imdbDisplay
tt14993352	6	imdbDisplay
tt1500729	3	imdbDisplay
tt15010558	4	imdbDisplay
tt15021692	2	original
tt15051958	1	original
tt15082926	11	imdbDisplay
tt15127960	1	original
tt15131168	1	original
tt1515163	2	original
tt1515844	2	imdbDisplay
tt15168696	1	original
tt15226400	2	original
tt15262652	1	imdbDisplay
tt1528732	1	imdbDisplay
tt1531908	2	working
tt15326254	3	imdbDisplay
tt15327230	3	original
tt1534068	1	original
tt15350174	2	imdbDisplay
tt1537369	2	original
tt1538953	1	imdbDisplay
tt1542986	1	original
tt15434094	1	original
tt15464958	1	imdbDisplay
tt1547971	2	imdbDisplay
tt1549744	1	original
tt15505208	3	imdbDisplay
tt15508888	10	imdbDisplay
tt1553046	2	original
tt15548074	15	original
tt1556252	1	original
tt1557553	2	imdbDisplay
tt1563738	20	alternative
tt15678918	2	imdbDisplay
tt1568397	3	original
tt15684004	1	original
tt15693732	1	imdbDisplay
tt15700998	2	original
tt15707088	3	imdbDisplay
tt15727558	1	imdbDisplay
tt15744064	2	original
tt1576406	1	working
tt15789010	3	imdbDisplay
tt15789100	2	original
tt15791630	41	imdbDisplay
tt15820120	1	original
tt1585497	3	imdbDisplay
tt1586716	2	imdbDisplay
tt1588337	10	imdbDisplay
tt15891492	2	original
tt1595369	1	imdbDisplay
tt1596029	9	imdbDisplay
tt1604196	2	original
tt16058926	2	imdbDisplay
tt16102250	2	original
tt16116174	7	imdbDisplay
tt1612759	1	imdbDisplay
tt16151640	2	imdbDisplay
tt1618450	10	imdbDisplay
tt1618455	1	imdbDisplay
tt1618952	10	imdbDisplay
tt1620446	23	imdbDisplay
tt1630626	19	imdbDisplay
tt16316258	1	imdbDisplay
tt1634871	5	imdbDisplay
tt1636800	1	original
tt16388138	1	imdbDisplay
tt1639083	1	imdbDisplay
tt1640675	1	imdbDisplay
tt16491432	3	imdbDisplay
tt16494248	1	original
tt1655173	1	original
tt1655460	14	imdbDisplay
tt1656674	2	imdbDisplay
tt1665035	2	original
tt1669096	1	original
tt1670964	2	imdbDisplay
tt1671737	1	imdbDisplay
tt16747572	3	original
tt16762066	2	original
tt1677524	1	imdbDisplay
tt1679332	5	imdbDisplay
tt1679614	1	imdbDisplay
tt1692909	1	imdbDisplay
tt1698568	2	imdbDisplay
tt16995870	2	original
tt17030826	5	imdbDisplay
tt17043324	1	original
tt1706620	39	imdbDisplay
tt1712079	1	original
tt1713490	2	imdbDisplay
tt1718158	18	imdbDisplay
tt1726079	2	imdbDisplay
tt1740010	1	original
tt1745683	1	original
tt1747305	4	imdbDisplay
tt17498858	1	imdbDisplay
tt17513798	2	original
tt1756486	1	original
tt17594282	5	imdbDisplay
tt1763336	1	imdbDisplay
tt17677510	4	original
tt1769345	1	original
tt1776207	7	imdbDisplay
tt1781896	22	imdbDisplay
tt1784476	10	imdbDisplay
tt1786700	1	original
tt1789019	2	original
tt1790291	2	imdbDisplay
tt1790834	2	imdbDisplay
tt1805297	18	imdbDisplay
tt1806754	1	imdbDisplay
tt1807749	3	imdbDisplay
tt18080306	2	imdbDisplay
tt1813298	1	imdbDisplay
tt1819781	2	imdbDisplay
tt18280048	4	imdbDisplay
tt18289696	3	imdbDisplay
tt18289748	1	original
tt18300352	1	original
tt18314214	24	imdbDisplay
tt1831738	1	imdbDisplay
tt18329968	2	original
tt1833033	2	imdbDisplay
tt1834846	1	original
tt18396468	6	imdbDisplay
tt1841780	2	imdbDisplay
tt18469738	1	original
tt1849027	19	imdbDisplay
tt1853563	4	imdbDisplay
tt18557342	1	imdbDisplay
tt18564268	5	original
tt18566152	4	imdbDisplay
tt1857549	2	original
tt1859565	2	imdbDisplay
tt1867086	18	imdbDisplay
tt18673736	7	imdbDisplay
tt1867988	5	imdbDisplay
tt1868096	1	imdbDisplay
tt1871213	1	imdbDisplay
tt1873604	2	original
tt1893234	1	original
tt1922612	2	dvd
tt1936532	17	imdbDisplay
tt19380876	3	imdbDisplay
tt19382374	1	original
tt19382426	2	original
tt1946289	7	imdbDisplay
tt1949980	2	imdbDisplay
tt1954522	1	original
tt1961175	21	imdbDisplay
tt1961632	3	imdbDisplay
tt1977895	14	original
tt1980929	53	imdbDisplay
tt19838608	12	imdbDisplay
tt19877956	2	imdbDisplay
tt1996610	3	original
tt1999890	4	imdbDisplay
tt20138518	1	original
tt2015384	1	imdbDisplay
tt20225374	9	imdbDisplay
tt20231536	3	imdbDisplay
tt2034657	1	alternative
tt2041417	1	original
tt2042515	2	imdbDisplay
tt2044846	2	imdbDisplay
tt2068991	6	original
tt2073184	1	imdbDisplay
tt2076407	1	original
tt2077704	1	original
tt2079506	1	original
tt2081372	2	original
tt2099784	1	original
tt21046636	1	original
tt2109125	1	original
tt21093140	1	imdbDisplay
tt21105088	11	imdbDisplay
tt21187542	6	imdbDisplay
tt21232358	3	original
tt2123338	2	imdbDisplay
tt2124204	3	original
tt2128467	1	original
tt21303294	1	original
tt2131665	1	original
tt21327630	8	imdbDisplay
tt21375252	2	original
tt2139943	2	original
tt2148534	2	imdbDisplay
tt2152813	2	imdbDisplay
tt2162048	3	imdbDisplay
tt2162713	6	imdbDisplay
tt2163678	2	imdbDisplay
tt2166998	1	imdbDisplay
tt2172049	2	imdbDisplay
tt2172554	8	original
tt2173902	2	imdbDisplay
tt2174750	2	imdbDisplay
tt2177298	1	original
tt21819228	22	imdbDisplay
tt2185022	14	imdbDisplay
tt2202469	2	imdbDisplay
tt22027260	2	original
tt2214901	1	imdbDisplay
tt2218646	2	imdbDisplay
tt2220636	2	original
tt2224333	1	original
tt2229333	1	imdbDisplay
tt2243427	1	original
tt2244664	1	imdbDisplay
tt2244874	2	original
tt22489308	2	imdbDisplay
tt2262255	2	imdbDisplay
tt2274640	2	imdbDisplay
tt2279373	17	imdbDisplay
tt2281541	1	original
tt2288614	1	original
tt2292388	1	imdbDisplay
tt2294949	2	imdbDisplay
tt2296681	2	imdbDisplay
tt2300428	1	original
tt2311982	8	imdbDisplay
tt23138370	2	imdbDisplay
tt2319739	5	imdbDisplay
tt2328561	2	original
tt2336049	2	original
tt2336503	2	original
tt2342317	8	imdbDisplay
tt2342562	2	original
tt23471206	3	original
tt2359137	3	imdbDisplay
tt2360284	2	imdbDisplay
tt2364322	4	imdbDisplay
tt2369041	1	imdbDisplay
tt2369127	9	imdbDisplay
tt23843420	3	imdbDisplay
tt2387736	3	alternative
tt2401061	2	original
tt2402923	1	imdbDisplay
tt2404738	15	imdbDisplay
tt2417656	2	original
tt2417784	2	imdbDisplay
tt24221088	11	imdbDisplay
tt24224740	1	imdbDisplay
tt2428932	2	original
tt2432606	4	imdbDisplay
tt2490578	4	imdbDisplay
tt2535992	2	imdbDisplay
tt2551894	9	imdbDisplay
tt2602272	1	imdbDisplay
tt2603596	10	original
tt2607734	1	original
tt2626460	1	imdbDisplay
tt26472364	1	imdbDisplay
tt2654288	3	alternative
tt2663812	5	imdbDisplay
tt26738021	1	original
tt2700400	3	original
tt2713180	43	imdbDisplay
tt2715674	2	original
tt2722636	1	imdbDisplay
tt2723296	2	imdbDisplay
tt2731634	1	original
tt2731850	1	imdbDisplay
tt2733252	38	imdbDisplay
tt2746088	1	imdbDisplay
tt2760174	2	imdbDisplay
tt2817150	2	original
tt2825860	2	imdbDisplay
tt2848044	2	imdbDisplay
tt2900624	4	imdbDisplay
tt2903532	1	imdbDisplay
tt2905422	4	imdbDisplay
tt2925844	3	imdbDisplay
tt2949046	2	imdbDisplay
tt2949338	4	imdbDisplay
tt2950734	1	imdbDisplay
tt2953670	3	imdbDisplay
tt2955638	3	original
tt2958242	2	imdbDisplay
tt2971420	2	imdbDisplay
tt2989618	2	imdbDisplay
tt2998820	1	imdbDisplay
tt3002542	4	original
tt3008976	2	original
tt3014468	1	imdbDisplay
tt3034462	2	imdbDisplay
tt3042566	1	imdbDisplay
tt3044702	4	imdbDisplay
tt3052898	1	original
tt3058270	1	imdbDisplay
tt3060698	3	imdbDisplay
tt3065848	1	original
tt3079868	2	original
tt3082920	6	imdbDisplay
tt3102110	1	imdbDisplay
tt3107348	1	original
tt3114358	14	original
tt3120044	2	original
tt3141506	1	original
tt3144858	2	original
tt3149010	8	imdbDisplay
tt3161738	1	original
tt3177228	2	imdbDisplay
tt3181666	2	imdbDisplay
tt3206116	1	original
tt3249122	2	original
tt3276052	1	original
tt3315020	13	imdbDisplay
tt3321528	1	original
tt3322438	2	original
tt3325440	2	original
tt3326842	1	imdbDisplay
tt3342962	1	imdbDisplay
tt3383844	2	original
tt3384422	1	original
tt3385516	49	imdbDisplay
tt3385620	2	imdbDisplay
tt3405276	4	imdbDisplay
tt3416090	3	imdbDisplay
tt3421858	2	original
tt3490134	1	original
tt3500934	1	original
tt3526254	2	original
tt3531824	17	imdbDisplay
tt3540012	1	original
tt3550138	1	imdbDisplay
tt3552744	1	imdbDisplay
tt3560762	2	imdbDisplay
tt3563340	6	imdbDisplay
tt3579262	2	original
tt3582040	12	imdbDisplay
tt3582970	1	original
tt3583590	2	imdbDisplay
tt3585276	4	imdbDisplay
tt3595630	1	original
tt3640370	1	original
tt3664394	1	imdbDisplay
tt3665402	2	original
tt3680870	1	original
tt3705528	1	original
tt3764966	21	working
tt3773178	2	original
tt3773346	1	original
tt3794354	32	imdbDisplay
tt3800544	1	imdbDisplay
tt3803964	2	original
tt3809444	2	original
tt3823872	2	original
tt3845122	2	imdbDisplay
tt3847780	4	imdbDisplay
tt3853452	8	original
tt3862962	3	imdbDisplay
tt3869500	10	imdbDisplay
tt3875244	1	original
tt3889962	1	imdbDisplay
tt3906082	12	imdbDisplay
tt3957650	2	imdbDisplay
tt3972742	1	imdbDisplay
tt3972792	1	imdbDisplay
tt3976386	1	original
tt3990750	1	original
tt4024302	1	imdbDisplay
tt4057490	1	imdbDisplay
tt4070872	1	imdbDisplay
tt4077514	2	imdbDisplay
tt4084056	3	imdbDisplay
tt4086026	1	original
tt4103844	1	imdbDisplay
tt4123394	2	imdbDisplay
tt4126838	1	original
tt4143138	1	original
tt4144190	10	imdbDisplay
tt4159182	8	imdbDisplay
tt4164722	5	imdbDisplay
tt4164886	2	original
tt4175588	1	original
tt4182696	2	imdbDisplay
tt4203290	4	imdbDisplay
tt4228746	5	imdbDisplay
tt4244110	2	imdbDisplay
tt4307754	1	imdbDisplay
tt4310380	1	original
tt4310816	1	imdbDisplay
tt4311182	1	original
tt4311406	2	imdbDisplay
tt4323612	2	imdbDisplay
tt4343038	4	imdbDisplay
tt4405744	2	original
tt4411326	1	original
tt4427306	1	imdbDisplay
tt4429160	9	imdbDisplay
tt4430870	1	imdbDisplay
tt4465318	3	imdbDisplay
tt4476772	1	original
tt4478126	1	imdbDisplay
tt4484650	2	original
tt4491456	3	alternative
tt4526506	1	original
tt4527010	2	imdbDisplay
tt4531212	4	festival
tt4540398	1	imdbDisplay
tt4544278	1	imdbDisplay
tt4544974	2	original
tt4565588	1	original
tt4582240	9	imdbDisplay
tt4592658	2	original
tt4594234	2	imdbDisplay
tt4603190	1	original
tt4613254	20	imdbDisplay
tt4651558	2	imdbDisplay
tt4683710	3	original
tt4691348	9	imdbDisplay
tt4720820	5	imdbDisplay
tt4726372	1	imdbDisplay
tt4730472	2	original
tt4770826	2	imdbDisplay
tt4780486	2	imdbDisplay
tt4787056	1	imdbDisplay
tt4827442	1	imdbDisplay
tt4833678	2	imdbDisplay
tt4858124	2	imdbDisplay
tt4879382	5	imdbDisplay
tt4881690	2	imdbDisplay
tt4882160	2	imdbDisplay
tt4888888	2	original
tt4917250	2	original
tt4918074	2	imdbDisplay
tt4944626	1	imdbDisplay
tt5000632	2	imdbDisplay
tt5082718	11	original
tt5091108	18	imdbDisplay
tt5157584	2	original
tt5165954	3	original
tt5169738	1	imdbDisplay
tt5170054	1	original
tt5177088	20	imdbDisplay
tt5181064	2	imdbDisplay
tt5194658	2	imdbDisplay
tt5200990	1	imdbDisplay
tt5208108	2	imdbDisplay
tt5212918	4	original
tt5267160	2	imdbDisplay
tt5273260	1	original
tt5277432	2	imdbDisplay
tt5310368	2	imdbDisplay
tt5320190	1	imdbDisplay
tt5332810	1	imdbDisplay
tt5335038	2	imdbDisplay
tt5371612	2	imdbDisplay
tt5457222	2	imdbDisplay
tt5467666	1	festival
tt5468724	2	imdbDisplay
tt5474082	1	imdbDisplay
tt5481406	2	original
tt5524484	2	imdbDisplay
tt5541338	21	alternative
tt5573120	1	original
tt5592786	1	imdbDisplay
tt5594490	7	imdbDisplay
tt5626838	1	imdbDisplay
tt5647104	2	imdbDisplay
tt5651270	2	imdbDisplay
tt5651832	1	original
tt5684362	1	original
tt5716626	2	imdbDisplay
tt5719824	4	imdbDisplay
tt5721098	1	imdbDisplay
tt5739680	14	imdbDisplay
tt5746156	7	imdbDisplay
tt5748216	1	original
tt5756964	2	original
tt5771150	1	imdbDisplay
tt5843116	1	imdbDisplay
tt5852458	1	imdbDisplay
tt5857758	1	imdbDisplay
tt5859228	2	imdbDisplay
tt5863522	2	original
tt5872626	2	imdbDisplay
tt5889190	1	imdbDisplay
tt5891726	1	imdbDisplay
tt5905344	2	imdbDisplay
tt5917856	2	original
tt5931144	7	imdbDisplay
tt5952354	2	original
tt5962384	1	imdbDisplay
tt5963320	1	imdbDisplay
tt5973626	7	imdbDisplay
tt5989146	2	original
tt6026102	1	imdbDisplay
tt6029836	2	original
tt6040650	2	original
tt6063320	1	imdbDisplay
tt6077398	1	original
tt6080776	2	original
tt6101380	1	original
tt6107968	2	original
tt6141490	1	original
tt6170156	1	imdbDisplay
tt6212918	2	imdbDisplay
tt6217306	18	imdbDisplay
tt6244192	10	imdbDisplay
tt6280780	2	imdbDisplay
tt6295586	4	imdbDisplay
tt6320628	56	imdbDisplay
tt6342398	5	imdbDisplay
tt6354108	3	festival
tt6366172	1	original
tt6372506	1	original
tt6382820	1	imdbDisplay
tt6390506	2	original
tt6398562	1	imdbDisplay
tt6437072	1	original
tt6444438	3	alternative
tt6476240	1	imdbDisplay
tt6485538	1	imdbDisplay
tt6488178	1	original
tt6489278	1	imdbDisplay
tt6518074	3	imdbDisplay
tt6545314	2	imdbDisplay
tt6581476	1	imdbDisplay
tt6587640	1	imdbDisplay
tt6599762	1	original
tt6634858	1	imdbDisplay
tt6667634	3	imdbDisplay
tt6679820	1	imdbDisplay
tt6710972	2	imdbDisplay
tt6715392	2	imdbDisplay
tt6723394	2	original
tt6744250	8	imdbDisplay
tt6749878	1	original
tt6760416	1	imdbDisplay
tt6791060	1	imdbDisplay
tt6804034	2	original
tt6813614	2	imdbDisplay
tt6818546	2	original
tt6820044	2	original
tt6844352	3	alternative
tt6897610	1	original
tt6899746	2	imdbDisplay
tt6917114	3	imdbDisplay
tt6920356	31	imdbDisplay
tt6925620	4	imdbDisplay
tt6947630	4	imdbDisplay
tt6950860	1	imdbDisplay
tt6952076	3	imdbDisplay
tt6953038	1	imdbDisplay
tt6954618	2	original
tt6966692	27	imdbDisplay
tt6969550	2	original
tt6970184	2	original
tt7003366	2	original
tt7094576	1	original
tt7111450	2	imdbDisplay
tt7124994	2	original
tt7134656	2	imdbDisplay
tt7137380	16	imdbDisplay
tt7142082	1	imdbDisplay
tt7152936	2	imdbDisplay
tt7165346	5	imdbDisplay
tt7203084	1	alternative
tt7230984	2	imdbDisplay
tt7234370	2	imdbDisplay
tt7292388	1	imdbDisplay
tt7304026	1	original
tt7378530	2	imdbDisplay
tt7379924	1	imdbDisplay
tt7381954	5	alternative
tt7397152	2	original
tt7410524	2	original
tt7421814	5	original
tt7448970	3	alternative
tt7450328	1	original
tt7469828	10	imdbDisplay
tt7470850	7	imdbDisplay
tt7472402	1	imdbDisplay
tt7490956	2	imdbDisplay
tt7493830	2	original
tt7520962	2	original
tt7521442	1	imdbDisplay
tt7546190	2	imdbDisplay
tt7552374	1	original
tt7554884	1	original
tt7598106	17	imdbDisplay
tt7599756	1	original
tt7608388	2	imdbDisplay
tt7609544	1	imdbDisplay
tt7655520	1	original
tt7659914	1	original
tt7687150	2	original
tt7698042	2	imdbDisplay
tt7698818	1	imdbDisplay
tt7721548	2	imdbDisplay
tt7748344	2	imdbDisplay
tt7755724	2	imdbDisplay
tt7793716	1	original
tt7799312	8	original
tt7806350	1	imdbDisplay
tt7821460	3	imdbDisplay
tt7877942	1	imdbDisplay
tt7888964	20	imdbDisplay
tt7899260	2	imdbDisplay
tt7913598	3	original
tt7918754	2	imdbDisplay
tt7937168	1	imdbDisplay
tt7938486	3	imdbDisplay
tt7940606	5	imdbDisplay
tt7948132	3	original
tt7957948	1	imdbDisplay
tt7962854	1	original
tt8063174	18	original
tt8085890	34	imdbDisplay
tt8108070	1	original
tt8112790	1	original
tt8145470	1	festival
tt8178564	2	original
tt8182474	2	original
tt8227240	2	original
tt8240412	2	imdbDisplay
tt8302918	15	original
tt8327214	2	imdbDisplay
tt8360266	3	imdbDisplay
tt8367856	3	festival
tt8385462	2	original
tt8410574	2	imdbDisplay
tt8415890	1	original
tt8433786	4	imdbDisplay
tt8456330	2	imdbDisplay
tt8488700	2	imdbDisplay
tt8507794	1	imdbDisplay
tt8514808	1	original
tt8530730	1	imdbDisplay
tt8531044	4	imdbDisplay
tt8619418	2	original
tt8642538	2	original
tt8647924	11	imdbDisplay
tt8656264	2	original
tt8659914	1	imdbDisplay
tt8661306	1	original
tt8690886	2	imdbDisplay
tt8710184	1	imdbDisplay
tt8711366	2	imdbDisplay
tt8712998	2	original
tt8746430	1	imdbDisplay
tt8767596	1	imdbDisplay
tt8774934	1	imdbDisplay
tt8820266	1	original
tt8820322	1	original
tt8838574	2	original
tt8841642	2	imdbDisplay
tt8871128	3	imdbDisplay
tt8890416	1	imdbDisplay
tt8897474	1	imdbDisplay
tt8902978	19	imdbDisplay
tt8905990	2	imdbDisplay
tt8967870	2	original
tt8985236	1	imdbDisplay
tt9056524	2	imdbDisplay
tt9085592	2	imdbDisplay
tt9085884	2	imdbDisplay
tt9094846	3	imdbDisplay
tt9098432	16	imdbDisplay
tt9109184	1	original
tt9138858	1	imdbDisplay
tt9144534	1	imdbDisplay
tt9173964	1	imdbDisplay
tt9184592	18	imdbDisplay
tt9201426	2	original
tt9203652	2	original
tt9253866	5	imdbDisplay
tt9278500	1	original
tt9281190	12	imdbDisplay
tt9304186	3	imdbDisplay
tt9309650	2	original
tt9316708	1	original
tt9317850	2	original
tt9335822	1	original
tt9359474	2	imdbDisplay
tt9360842	1	imdbDisplay
tt9364572	2	original
tt9379054	2	original
tt9392700	1	imdbDisplay
tt9447956	13	imdbDisplay
tt9454060	2	original
tt9457544	1	imdbDisplay
tt9473208	3	imdbDisplay
tt9516716	2	imdbDisplay
tt9546790	1	imdbDisplay
tt9552616	2	original
tt9573744	1	original
tt9596692	4	imdbDisplay
tt9615024	1	imdbDisplay
tt9643228	16	imdbDisplay
tt9753002	4	original
tt9777812	2	original
tt9782956	2	original
tt9793654	1	imdbDisplay
tt9814884	2	imdbDisplay
tt9833406	1	imdbDisplay
tt9842312	6	imdbDisplay
tt9850298	2	imdbDisplay
tt9855496	2	original
tt9859616	9	imdbDisplay
tt9865458	2	imdbDisplay
tt9874778	2	original
tt9875860	3	imdbDisplay
tt9876418	16	imdbDisplay
tt9883034	1	imdbDisplay
