title_id	ordering	title	region	language	is_original_title
tt0004287	1	The Maid from Sweden	US	\N	0
tt0012466	2	Hjärtats begär	SE	\N	0
tt0012468	1	Rêve de seize ans	FR	\N	0
tt0012734	5	百発百中�?1921）	JP	ja	0
tt0018811	1	The Dancing Town	\N	\N	1
tt0020768	3	O Pão Nosso de Cada Dia	BR	\N	0
tt0023071	5	Ivan	\N	\N	1
tt0027155	6	Under falsk flagg	DE	\N	0
tt0030727	5	T' apomnimonevmata mias kallitehnidos	GR	\N	0
tt0032256	14	Serenata sti Vienni	GR	\N	0
tt0033231	3	Västkustens hjältar	\N	\N	1
tt0033435	16	Broadway Limited	\N	\N	1
tt0033835	5	Little Cesario	US	\N	0
tt0034076	10	Nieustraszony pilot Quax	PL	\N	0
tt0041847	11	Sumpf des Verbrechens	XWG	\N	0
tt0045806	3	Geheimakten Solvay	\N	\N	1
tt0052507	7	Rocky und Bullwinkle	DE	\N	0
tt0056193	17	Lolita	KR	\N	0
tt0058099	1	Su hora más gloriosa	AR	\N	0
tt0058144	5	Bed of Fire	US	\N	0
tt0061156	1	Wo ai zi luo lan	HK	\N	0
tt0066477	16	Hard Fellow	HK	cmn	0
tt0067896	10	Os Amantes do Papa	BR	\N	0
tt0081506	18	Ninja Assassino	BR	\N	0
tt0082111	13	Τα φιλα�?άκια	GR	\N	0
tt0082779	14	Agatha Christie's 'Murder Is Easy'	US	\N	0
tt0092216	5	Willy Milly	BR	\N	0
tt0101356	26	No me mientas... que te creo	ES	\N	0
tt0103239	14	Wedlock - Kalmankihla	FI	\N	0
tt0103436	2	The Hat Squad	US	\N	0
tt0104491	3	Im Namen meiner Tochter	DE	\N	0
tt0105929	29	Absolutely Fabulous	FR	\N	0
tt0106879	3	Faut-il aimer Mathilde?	BE	\N	0
tt0111341	17	Сатанин�?ко танго	BG	bg	0
tt0113419	6	La llave mágica	AR	\N	0
tt0115525	1	Always yours, for never	NL	\N	0
tt0119545	5	Nagytappancs 2: Visszatérés a kis jetihez	HU	\N	0
tt0122248	1	Sex of the Imperial	\N	\N	1
tt0123119	5	Это прощание, Чарли Бра�?н?	SUHH	ru	0
tt0130805	1	Jorge, el pequeño niño bombero	ES	\N	0
tt0137649	2	Gang Bang Party	\N	\N	1
tt0140791	2	Gioco d'amore	IT	\N	0
tt0146161	1	Rambone: The First Time	US	\N	0
tt0162135	1	25 Anos de Alegria no Trabalho	\N	\N	1
tt0176708	3	Fantezii	RO	\N	0
tt0191915	21	Zabawa w chowanego	PL	\N	0
tt0202390	4	茲�?林�?生�?�祖克曼女士	TW	\N	0
tt0231402	19	Crocodile Dundee i Los Angeles	SE	\N	0
tt0275410	4	Horrorvision	US	\N	0
tt0298351	11	Mein Bauer, seine Kuh & Ich	DE	\N	0
tt0303034	2	Sex Fun 6	US	\N	0
tt0323191	1	Los marginados	MX	\N	0
tt0345078	2	Cosas que pasan	\N	\N	1
tt0349831	2	Mojeongui bimil	KR	\N	0
tt0350619	2	Bijtë e heroinës	\N	\N	1
tt0404112	1	Hitman: Contracts	DE	\N	0
tt0438299	3	Overkill	\N	\N	1
tt0461792	2	Jack Bros.	\N	\N	1
tt0480786	1	Silhouette des Tunnels	\N	\N	1
tt0485763	2	Gulong ng Palad	PH	\N	0
tt0509174	2	Episódio #1.8605	PT	pt	0
tt0531760	7	Episódio datado de 2 Fevereiro de 2004	PT	pt	0
tt0542797	1	एपिसोड #8.4	IN	hi	0
tt0544769	5	Épisode #1.3	FR	fr	0
tt0560565	4	Episódio #3.17	PT	pt	0
tt0586518	5	Episodio #1.10721	IT	it	0
tt0603673	6	एपिसोड #1.277	IN	hi	0
tt0625830	6	Épisode datant du 12 mai 2005	FR	fr	0
tt0634385	3	Episodio fechado 2 mayo 1996	ES	es	0
tt0639043	1	Episodio #10.9	ES	es	0
tt0661935	1	1966年12�?31日 �?�エ�?�ソ�?��?�	JP	ja	0
tt0669475	6	Episodio datato 1 novembre 2005	IT	it	0
tt0677313	1	Enter the Lost Galaxy	US	\N	0
tt0679389	3	Episodio fechado 13 julio 1999	ES	es	0
tt0679524	3	Episodio fechado 11 junio 2002	ES	es	0
tt0702506	4	Episodio #2.7	IT	it	0
tt0715639	5	2006年1�?2日 �?�エ�?�ソ�?��?�	JP	ja	0
tt0724921	4	एपिसोड #22.26	IN	hi	0
tt0728066	5	Episodio #28.285	IT	it	0
tt0729917	2	Folge #1.180	DE	de	0
tt0730476	3	एपिसोड #16.51	IN	hi	0
tt0730551	2	Episódio #18.51	PT	pt	0
tt0735452	7	Episodio fechado 12 abril 2005	ES	es	0
tt0745724	1	War Crimes	US	\N	0
tt0754072	6	Épisode #2.72	FR	fr	0
tt0766662	5	Épisode datant du 17 février 2006	FR	fr	0
tt0785730	2	2006年1�?18日 �?�エ�?�ソ�?��?�	JP	ja	0
tt0807026	1	Pills for Papa	\N	\N	1
tt0810660	6	Episodio datato 30 agosto 2005	IT	it	0
tt0814085	4	Price and Passion	HK	en	0
tt0814194	1	Living the Dream: A Tribute to Dr. Martin Luther King Jr.	\N	\N	1
tt0824581	1	1534: Grandparents	US	\N	0
tt0834056	1	Chamundi	IN	\N	0
tt0835622	6	Episodio fechado 1 febrero 2006	ES	es	0
tt0840151	2	Folge vom 26. Juli 2006	DE	de	0
tt0876344	7	Episodio #1.3	ES	es	0
tt0885761	1	Durham County	CA	en	0
tt0900259	7	Episodio #2.22	ES	es	0
tt0951059	6	Episódio #1.44	PT	pt	0
tt0967148	3	एपिसोड #1.137	IN	hi	0
tt0987770	2	Folge #1.98	DE	de	0
tt0995543	1	2007年4�?9日 �?�エ�?�ソ�?��?�	JP	ja	0
tt10010282	1	Playing Catch-Up	NZ	\N	0
tt10024268	3	Episodio #1.102	ES	es	0
tt10032880	3	Episodio #1.1863	ES	es	0
tt10061228	3	Episódio #1.612	PT	pt	0
tt1006527	6	10 जून 2005 को प्रसारित एपिसोड	IN	hi	0
tt10074880	5	Épisode #3.96	FR	fr	0
tt10076144	4	एपिसोड #1.449	IN	hi	0
tt10083402	7	Episodio #5.172	ES	es	0
tt10083854	6	エ�?�ソ�?��?� #1.218	JP	ja	0
tt10114274	4	Episodio #1.171	IT	it	0
tt10118650	1	एपिसोड #1.623	IN	hi	0
tt10151784	5	Folge #3.2	DE	de	0
tt10205840	2	Episodio #1.297	ES	es	0
tt10221428	1	エ�?�ソ�?��?� #1.385	JP	ja	0
tt1022857	2	Épisode datant du 17 mars 2003	FR	fr	0
tt10255260	3	Folge #44.106	DE	de	0
tt10280506	3	Episodio #1.36	IT	it	0
tt10310318	2	एपिसोड #1.23	IN	hi	0
tt10347270	5	Folge #1.106	DE	de	0
tt10355058	4	Secret Agent Dingledorf and His Trusty Dog Splat	AE	\N	0
tt1035997	3	Épisode #1.5	FR	fr	0
tt10360640	5	Gentle Reflections	HK	\N	0
tt10382782	2	Running Against the Wind	US	\N	0
tt10414336	2	Folge #1.407	DE	de	0
tt10448474	5	Épisode #11.179	FR	fr	0
tt10502254	4	Episodio #1.130	ES	es	0
tt10511664	7	エ�?�ソ�?��?� #2.70	JP	ja	0
tt10542364	6	Episodio #1.1629	ES	es	0
tt1058898	4	Épisode datant du 27 juin 2007	FR	fr	0
tt1061583	7	Episodio fechado 10 julio 2007	ES	es	0
tt10629786	2	Episodio #1.189	ES	es	0
tt10649218	3	Episódio #1.2539	PT	pt	0
tt10660118	6	Episodio #1.27	IT	it	0
tt10700110	2	Episodio #1.1024	IT	it	0
tt10702044	6	29 अक्टूबर 1998 को प्रसारित एपिसोड	IN	hi	0
tt10711068	1	エ�?�ソ�?��?� #1.540	JP	ja	0
tt10734006	6	Episodio #1.589	IT	it	0
tt1074870	2	एपिसोड #16.131	IN	hi	0
tt10753060	4	Épisode #1.454	FR	fr	0
tt10756456	4	7 अगस्त 2019 को प्रसारित एपिसोड	IN	hi	0
tt1075856	3	2007年7�?24日 �?�エ�?�ソ�?��?�	JP	ja	0
tt10776302	2	エ�?�ソ�?��?� #1.553	JP	ja	0
tt10785766	3	Folge #1.2790	DE	de	0
tt10822460	4	एपिसोड #25.9	IN	hi	0
tt10823736	6	Episodio #1.248	IT	it	0
tt10827638	1	Taste	\N	\N	1
tt1086055	2	Errol Flynn: Portrait of a Swashbuckler	US	\N	0
tt10884952	2	エ�?�ソ�?��?� #1.483	JP	ja	0
tt10887958	2	Episodio datato 17 febbraio 1998	IT	it	0
tt1090402	4	エ�?�ソ�?��?� #1.4428	JP	ja	0
tt10909204	1	Folge #1.1116	DE	de	0
tt10919898	7	21 म�? 2013 को प्रसारित एपिसोड	IN	hi	0
tt11006738	1	Episodio fechado 21 abril 2009	ES	es	0
tt11014934	3	エ�?�ソ�?��?� #1.15	JP	ja	0
tt11016546	1	Jeren uusi elämä	FI	\N	0
tt11035538	2	Episódio #1.63	PT	pt	0
tt1103661	2	एपिसोड #1.12	IN	hi	0
tt11047872	3	Episódio #1.326	PT	pt	0
tt1104814	3	Seed	US	\N	0
tt11123436	6	Episodio #1.226	IT	it	0
tt11139230	6	Episodio #1.533	IT	it	0
tt11145734	5	एपिसोड #1.1204	IN	hi	0
tt11168606	5	Folge #1.820	DE	de	0
tt11211296	7	Folge #1.478	DE	de	0
tt11218428	4	Korporacija	\N	\N	1
tt11221590	6	エ�?�ソ�?��?� #1.181	JP	ja	0
tt11268312	4	Episodio #9.33	ES	es	0
tt11277530	2	Épisode #1.55	FR	fr	0
tt11307570	5	Episodio #1.1627	ES	es	0
tt11308488	2	एपिसोड #1.183	IN	hi	0
tt11309460	2	Folge #1.835	DE	de	0
tt11315594	2	Episodio #1.9	ES	es	0
tt11317654	3	Dawn of War	US	\N	0
tt11324422	2	एपिसोड #1.38	IN	hi	0
tt11327514	10	Uncle Frank	DE	\N	0
tt11338926	1	Épisode #3.346	FR	fr	0
tt1135649	1	Episodio #1.45	IT	it	0
tt11386224	4	एपिसोड #1.147	IN	hi	0
tt11409718	1	Poland	BE	\N	0
tt11419438	2	एपिसोड #1.12	IN	hi	0
tt1142952	1	People Celebrity Week 3	US	\N	0
tt11448536	2	Episodio #3.228	ES	es	0
tt11450414	2	Episodio #1.664	ES	es	0
tt11477022	1	एपिसोड #1.19	IN	hi	0
tt11479340	2	エ�?�ソ�?��?� #1.261	JP	ja	0
tt11479774	6	Folge #1.30	DE	de	0
tt11480682	2	Episodio #1.3016	IT	it	0
tt11482832	2	Folge vom 10. Dezember 2019	DE	de	0
tt11485300	3	Naka dashi Santa 2019	US	\N	0
tt11491940	7	エ�?�ソ�?��?� #32.10	JP	ja	0
tt11501054	4	Episódio #1.206	PT	pt	0
tt11519678	4	Épisode datant du 13 novembre 2016	FR	fr	0
tt11534594	1	Episódio datado de 7 Fevereiro de 2011	PT	pt	0
tt11563640	7	Episódio datado de 7 Janeiro de 2020	PT	pt	0
tt1158203	1	エ�?�ソ�?��?� #1.2	JP	ja	0
tt1160496	1	Boobaholics Anonymous 3	\N	\N	1
tt11649302	1	Episodio #1.94	ES	es	0
tt11675832	3	Épisode #66.58	FR	fr	0
tt11688164	6	Episodio #27.141	IT	it	0
tt11695498	7	Folge #1.1756	DE	de	0
tt11734528	4	エ�?�ソ�?��?� #3.78	JP	ja	0
tt11747434	6	Episódio #1.11	PT	pt	0
tt11761798	4	Épisode #1.79	FR	fr	0
tt11766400	7	Episódio #4.166	PT	pt	0
tt11767676	2	エ�?�ソ�?��?� #15.11	JP	ja	0
tt11794410	1	Épisode #1.428	FR	fr	0
tt1181216	3	Episodio fechado 29 enero 2008	ES	es	0
tt11817944	4	Episodio #7.7	ES	es	0
tt11825458	2	Episodio #1.1328	ES	es	0
tt11833162	2	Episodio #1.13	IT	it	0
tt11851422	1	Épisode #1.5130	FR	fr	0
tt11903570	4	एपिसोड #1.175	IN	hi	0
tt11903688	7	Episódio #14.118	PT	pt	0
tt11903700	1	Episódio #1.102	PT	pt	0
tt1192654	3	エ�?�ソ�?��?� #1.15	JP	ja	0
tt11928180	1	エ�?�ソ�?��?� #8.151	JP	ja	0
tt11938052	3	Episódio #1.799	PT	pt	0
tt11948722	6	Épisode #1.1148	FR	fr	0
tt11993120	4	Folge #1.1296	DE	de	0
tt12052500	1	Épisode #22.11	FR	fr	0
tt1205862	1	Épisode datant du 14 mars 2008	FR	fr	0
tt1208180	1	Going Ape	US	\N	0
tt12097812	4	Episodio #1.916	ES	es	0
tt12114106	3	Episódio #3.33	PT	pt	0
tt12145198	1	Episodio #2.44	IT	it	0
tt1215791	1	Episódio #1.6	PT	pt	0
tt12162614	6	Folge #1.41	DE	de	0
tt12167680	1	Episodio #1.108	IT	it	0
tt12185676	4	エ�?�ソ�?��?� #1.10	JP	ja	0
tt1220214	9	Heartless	\N	\N	1
tt12208154	7	Épisode #1.1232	FR	fr	0
tt12244308	2	एपिसोड #1.1650	IN	hi	0
tt12253310	7	Episodio #1.502	ES	es	0
tt1227403	4	Épisode #2.3	FR	fr	0
tt12301068	5	Episódio #1.2120	PT	pt	0
tt12315772	2	Episodio #1.363	ES	es	0
tt12329366	4	Épisode #2.58	FR	fr	0
tt12355050	2	Folge #1.59	DE	de	0
tt12370626	3	Folge #9.56	DE	de	0
tt12376172	5	Folge #1.498	DE	de	0
tt12389846	1	The Stereoscope	\N	\N	1
tt12403268	2	Episodio #1.24	IT	it	0
tt12404534	5	エ�?�ソ�?��?� #1.14	JP	ja	0
tt12411108	6	Folge #1.3	DE	de	0
tt12412470	3	Episodio #3.62	IT	it	0
tt12430108	6	Episodio #13.183	IT	it	0
tt12462560	6	Episodio #1.1087	IT	it	0
tt12470532	5	Épisode #6.17	FR	fr	0
tt12507052	1	エ�?�ソ�?��?� #1.254	JP	ja	0
tt12525718	2	Mallification	\N	\N	1
tt12534476	6	エ�?�ソ�?��?� #1.348	JP	ja	0
tt12562594	2	एपिसोड #1.435	IN	hi	0
tt12578108	3	Episodio #1.1	ES	es	0
tt12590964	2	Episodio datato 18 giugno 2020	IT	it	0
tt12595796	1	Épisode #1.272	FR	fr	0
tt12610408	4	Folge vom 20. August 2019	DE	de	0
tt12613194	5	エ�?�ソ�?��?� #1.1186	JP	ja	0
tt12634270	2	Irgendwann einmal	AT	\N	0
tt1267743	4	Episodio datato 26 luglio 2008	IT	it	0
tt12710716	6	エ�?�ソ�?��?� #1.758	JP	ja	0
tt12717670	2	Folge vom 1. Januar 2020	DE	de	0
tt12724374	7	Episodio #1.15	ES	es	0
tt1272722	7	Folge #1.29	DE	de	0
tt12730076	1	Vodou Legend	US	\N	0
tt12753538	4	एपिसोड #10.107	IN	hi	0
tt12791076	2	Episodio #1.228	IT	it	0
tt12807640	3	Episodio #1.144	IT	it	0
tt12822258	1	Folge #1.3714	DE	de	0
tt12822798	4	Épisode #1.443	FR	fr	0
tt1282485	1	The Tale of a Coat	GB	\N	0
tt12860486	3	Episódio #1.8	PT	pt	0
tt12909894	5	Folge #1.4	DE	de	0
tt12926310	2	Episodio #1.1264	ES	es	0
tt1293222	4	エ�?�ソ�?��?� #1.9910	JP	ja	0
tt12949368	7	Episodio #1.2361	IT	it	0
tt12953246	7	Folge #1.17	DE	de	0
tt12969738	4	एपिसोड #7.48	IN	hi	0
tt12972546	2	Episodio #1.122	ES	es	0
tt12973118	5	Folge #1.49	DE	de	0
tt12989082	7	Episodio #15.8	ES	es	0
tt13013496	3	एपिसोड #4.39	IN	hi	0
tt13039804	5	Episodio #8.72	ES	es	0
tt13076782	6	एपिसोड #1.145	IN	hi	0
tt13105172	1	La Puerta Negra	MX	\N	0
tt13146724	3	Episodio #1.639	IT	it	0
tt13165642	3	エ�?�ソ�?��?� #7.51	JP	ja	0
tt13170298	4	Épisode #6.40	FR	fr	0
tt13231850	4	एपिसोड #1.3528	IN	hi	0
tt13245588	6	エ�?�ソ�?��?� #1.433	JP	ja	0
tt1324793	6	Episodio #32.1	IT	it	0
tt13259794	5	Primal	GB	\N	0
tt13280430	2	Sand	US	\N	0
tt13282408	7	Episodio #2.11	ES	es	0
tt13291566	4	Episodio #9.55	ES	es	0
tt13301552	3	Episodio #5.188	IT	it	0
tt13345624	5	エ�?�ソ�?��?� #49.1	JP	ja	0
tt13373242	1	एपिसोड #4.83	IN	hi	0
tt13375278	2	Tough Love	\N	\N	1
tt1339724	2	Episodio #6.8	IT	it	0
tt13405980	1	Episodio datato 29 novembre 2020	IT	it	0
tt13428502	5	Episodio #1.15	IT	it	0
tt13444106	3	Épisode #1.17	FR	fr	0
tt13467826	5	エ�?�ソ�?��?� #10.195	JP	ja	0
tt13475040	5	Episodio #1.1260	ES	es	0
tt13500442	2	Episodio #1.383	IT	it	0
tt13518240	2	एपिसोड #1.2250	IN	hi	0
tt13519242	2	एपिसोड #1.590	IN	hi	0
tt13527162	4	Folge #1.1497	DE	de	0
tt13529008	3	Folge #2.1	DE	de	0
tt13531430	3	Desires - Premiere Edition	US	\N	0
tt13538698	4	Épisode #1.2353	FR	fr	0
tt13546810	3	Folge #1.239	DE	de	0
tt13548788	1	Folge #1.1356	DE	de	0
tt13562588	7	エ�?�ソ�?��?� #1.5	JP	ja	0
tt13578912	3	エ�?�ソ�?��?� #1.5039	JP	ja	0
tt13583118	1	Virtua Tennis 3	US	\N	0
tt13583402	1	Taraz	\N	\N	1
tt13588544	4	एपिसोड #1.8715	IN	hi	0
tt13601996	4	एपिसोड #1.175	IN	hi	0
tt13627112	4	Episodio fechado 9 diciembre 2020	ES	es	0
tt13647920	3	एपिसोड #1.357	IN	hi	0
tt13658744	3	Folge #11.100	DE	de	0
tt13663336	4	Episódio #1.90	PT	pt	0
tt13687204	5	Folge #1.259	DE	de	0
tt13712442	7	エ�?�ソ�?��?� #1.1292	JP	ja	0
tt13730868	1	Folge #3.114	DE	de	0
tt1375039	5	Episodio #1.18	ES	es	0
tt13755346	6	エ�?�ソ�?��?� #1.72	JP	ja	0
tt13755484	3	Episodio #1.309	IT	it	0
tt13769270	2	Folge #1.757	DE	de	0
tt13777200	5	Episodio #1.156	IT	it	0
tt1377906	1	エ�?�ソ�?��?� #1.2	JP	ja	0
tt13785082	4	Folge #4.137	DE	de	0
tt13787726	2	Only Fantasy - Part 1	US	\N	0
tt13800822	3	Episodio fechado 10 octubre 2013	ES	es	0
tt13802658	20	Mit tenne Sophia Loren?	HU	\N	0
tt13805506	5	Episodio #8.52	ES	es	0
tt13815742	5	Épisode #1.437	FR	fr	0
tt13826368	7	एपिसोड #5.42	IN	hi	0
tt13883140	2	Episodio #1.2	ES	es	0
tt13894738	2	Episodio #1.453	ES	es	0
tt13947440	3	Episodio #1.3157	IT	it	0
tt13952706	2	Episodio #1.111	ES	es	0
tt13953628	1	Episódio #1.213	PT	pt	0
tt13965854	3	Episódio #1.1396	PT	pt	0
tt13967704	3	Folge vom 1. Februar 2021	DE	de	0
tt13988978	5	Episodio #1.4420	IT	it	0
tt14019766	1	एपिसोड #1.2253	IN	hi	0
tt1405894	4	Folge vom 22. März 2009	DE	de	0
tt14084330	2	एपिसोड #3.4	IN	hi	0
tt1414984	7	Episodio fechado 1 octubre 1969	ES	es	0
tt14197590	7	Folge #1.2566	DE	de	0
tt14263586	6	Episodio datato 26 giugno 2016	IT	it	0
tt14313896	2	Episodio #1.1235	ES	es	0
tt14331284	1	Episodio #3.135	IT	it	0
tt14352612	6	एपिसोड #1.146	IN	hi	0
tt14381808	5	Episódio #1.452	PT	pt	0
tt14387314	3	एपिसोड #1.121	IN	hi	0
tt14388250	5	Episódio #1.193	PT	pt	0
tt14407056	7	Folge #1.433	DE	de	0
tt1442163	5	एपिसोड #1.1841	IN	hi	0
tt14485310	4	2021年4�?19日 �?�エ�?�ソ�?��?�	JP	ja	0
tt14527942	5	Épisode #4.34	FR	fr	0
tt14553290	5	Episodio #1.151	ES	es	0
tt14566682	6	Episodio #1.545	IT	it	0
tt14574252	4	Épisode #1.4	FR	fr	0
tt14574984	1	Folge #1.482	DE	de	0
tt14617520	1	BFC Championships	DZ	\N	0
tt14647428	1	Episodio #1.10	IT	it	0
tt14672074	1	Épisode #1.283	FR	fr	0
tt14688868	5	एपिसोड #1.71	IN	hi	0
tt14714112	2	Episodio #10.45	IT	it	0
tt14717518	6	エ�?�ソ�?��?� #1.61	JP	ja	0
tt14718464	6	एपिसोड #1.661	IN	hi	0
tt14744946	1	Episodio #1.138	ES	es	0
tt14777456	3	एपिसोड #1.281	IN	hi	0
tt14781842	6	Episodio #1.28	ES	es	0
tt1478365	2	Familiar Fruit	US	\N	0
tt14795124	6	エ�?�ソ�?��?� #1.238	JP	ja	0
tt14795628	2	Episodio #1.128	IT	it	0
tt14817616	6	Episodio #1.6	ES	es	0
tt14821774	7	Episodio #1.32	ES	es	0
tt14857882	3	Through Her Eyes	\N	\N	1
tt14862390	1	エ�?�ソ�?��?� #1.200	JP	ja	0
tt1486279	5	Episodio #1.4078	IT	it	0
tt14867108	1	Sekizô ga ugoita! Osette kuru...	JP	\N	0
tt14868464	4	एपिसोड #1.114	IN	hi	0
tt14878338	4	Episódio #1.866	PT	pt	0
tt14881064	4	Episodio #1.110	IT	it	0
tt14896816	5	Folge vom 20. September 1987	DE	de	0
tt14900044	4	9 अप्र�?ल 2014 को प्रसारित एपिसोड	IN	hi	0
tt14912268	5	एपिसोड #1.1357	IN	hi	0
tt14913068	2	Becky Strikes Out	\N	\N	1
tt14924402	1	Traces	\N	\N	1
tt14932260	3	Episodio #1.263	ES	es	0
tt14941164	4	Folge vom 15. Juni 2006	DE	de	0
tt14947852	2	Case of the Guitar	NL	\N	0
tt1496111	4	Épisode datant du 23 juillet 2003	FR	fr	0
tt1496950	1	エ�?�ソ�?��?� #1.2	JP	ja	0
tt14977878	6	エ�?�ソ�?��?� #1.136	JP	ja	0
tt14997054	2	Episodio #1.295	IT	it	0
tt15038332	6	Folge #2.2	DE	de	0
tt15045974	1	एपिसोड #1.1594	IN	hi	0
tt15062620	1	Episodio fechado 3 junio 2020	ES	es	0
tt15075392	7	Episodio #1.507	ES	es	0
tt15079764	7	Épisode #3.101	FR	fr	0
tt15081666	6	Episodio #1.5	ES	es	0
tt1510199	1	エ�?�ソ�?��?� #1.1	JP	ja	0
tt15111610	2	Episodio #1.3556	IT	it	0
tt15116138	3	Episódio datado de 1 Agosto de 2021	PT	pt	0
tt1512027	1	Episódio #1.3	PT	pt	0
tt15136786	4	एपिसोड #1.405	IN	hi	0
tt15141866	2	Episodio #1.68	IT	it	0
tt1515163	2	The Guitar Case	\N	\N	1
tt15177072	3	Épisode #1.103	FR	fr	0
tt15178916	3	Folge #1.558	DE	de	0
tt15192808	6	Episódio #13.8	PT	pt	0
tt15201774	4	Episodio #1.275	IT	it	0
tt1521257	1	エ�?�ソ�?��?� #1.1	JP	ja	0
tt15232628	6	Épisode #1.82	FR	fr	0
tt15242156	7	Episodio #1.128	ES	es	0
tt15246520	5	Folge #1.314	DE	de	0
tt1524988	4	Épisode datant du 19 juin 1986	FR	fr	0
tt15260626	3	एपिसोड #1.302	IN	hi	0
tt15264936	5	एपिसोड #4.32	IN	hi	0
tt15287942	4	Episódio #1.18	PT	pt	0
tt15291788	3	Folge #1.82	DE	de	0
tt15297046	2	Episodio #1.1484	ES	es	0
tt15303080	3	Épisode #5.2	FR	fr	0
tt15305438	5	Episodio datato 15 novembre 2004	IT	it	0
tt15316882	7	Épisode #1.153	FR	fr	0
tt15326254	3	Мо�?ков�?кие паломники	RU	\N	0
tt1533526	5	Épisode #6.17	FR	fr	0
tt15347756	4	エ�?�ソ�?��?� #6.118	JP	ja	0
tt15348386	2	Episódio #2.31	PT	pt	0
tt15356366	5	Episodio #1.202	IT	it	0
tt15374724	2	Episodio #1.2	ES	es	0
tt15384406	3	Épisode datant du 10 janvier 2021	FR	fr	0
tt1539939	5	Épisode #3.1	FR	fr	0
tt15409932	2	2011年1�?18日 �?�エ�?�ソ�?��?�	JP	ja	0
tt15412126	2	एपिसोड #1.105	IN	hi	0
tt15421498	7	Folge vom 16. September 2021	DE	de	0
tt15422410	5	Episodio datato 14 settembre 2021	IT	it	0
tt15464958	1	The Royale	FR	\N	0
tt15488874	7	Episodio #9.47	ES	es	0
tt1549744	1	C Level	\N	\N	1
tt15504102	4	Episódio #1.1602	PT	pt	0
tt15530926	6	Episodio #1.1472	IT	it	0
tt15535862	4	Épisode #19.5	FR	fr	0
tt15566744	2	The Good Father: The Martin MacNeill Story	CA	\N	0
tt1557553	2	Deadly Honour	XWW	en	0
tt15598998	4	एपिसोड #8.8	IN	hi	0
tt1560337	3	Épisode #1.6	FR	fr	0
tt15689654	2	Episódio #1.456	PT	pt	0
tt15694836	6	Episodio #1.2907	IT	it	0
tt15700970	7	2021年10�?13日 �?�エ�?�ソ�?��?�	JP	ja	0
tt15705550	1	Folge #1.1246	DE	de	0
tt15713238	3	एपिसोड #1.929	IN	hi	0
tt15725170	5	Folge #1.903	DE	de	0
tt15725350	7	Épisode #1.3504	FR	fr	0
tt15732528	7	Épisode datant du 19 octobre 2021	FR	fr	0
tt15747862	7	Folge #5.29	DE	de	0
tt15757048	4	Episodio #5.54	ES	es	0
tt15770762	6	Episodio #1.1680	IT	it	0
tt15775614	4	Folge #1.1245	DE	de	0
tt15776030	6	Folge #1.1506	DE	de	0
tt15791630	41	The Kardashians	BR	\N	0
tt15805616	4	Folge #16.103	DE	de	0
tt15805806	1	エ�?�ソ�?��?� #1.1558	JP	ja	0
tt15820120	1	Countdown: Hairekakia	\N	\N	1
tt15888032	1	5. sep. 2017 kl. 18:45	NO	\N	0
tt15950594	7	Episodio #1.12	ES	es	0
tt16001180	3	Episódio #1.1819	PT	pt	0
tt1602662	5	Épisode #1.63	FR	fr	0
tt16089560	7	Folge #1.7647	DE	de	0
tt16115612	6	Episódio #1.130	PT	pt	0
tt1616263	2	एपिसोड #1.17	IN	hi	0
tt16200902	3	Episodio datato 18 ottobre 2018	IT	it	0
tt16245010	1	27 म�? 1987 को प्रसारित एपिसोड	IN	hi	0
tt16274696	5	エ�?�ソ�?��?� #1.6	JP	ja	0
tt16274850	1	Episódio #1.4	PT	pt	0
tt16293246	1	Folge #1.373	DE	de	0
tt16302314	5	Episodio #1.246	IT	it	0
tt16307124	2	Épisode #1.84	FR	fr	0
tt1630835	7	エ�?�ソ�?��?� #1.9	JP	ja	0
tt1653343	4	29 अप्र�?ल 1992 को प्रसारित एपिसोड	IN	hi	0
tt1655859	6	Folge vom 21. Mai 1999	DE	de	0
tt1660273	6	Episódio #1.11	PT	pt	0
tt1669096	1	Cheating the Piper	\N	\N	1
tt16747572	3	The Silence of Swastika	\N	\N	1
tt16766252	3	Folge #3.13	DE	de	0
tt1679332	5	Ultramarines: A Warhammer 40,000 Movie	GB	\N	0
tt1680387	5	एपिसोड #27.155	IN	hi	0
tt16807068	4	Épisode #20.96	FR	fr	0
tt16938832	5	エ�?�ソ�?��?� #1.467	JP	ja	0
tt16965484	5	एपिसोड #1.2832	IN	hi	0
tt16966502	2	Episodio #1.484	ES	es	0
tt16967408	3	Folge #1.6143	DE	de	0
tt16980100	1	Episodio #1.3797	ES	es	0
tt16980592	6	Épisode #1.2876	FR	fr	0
tt1698568	2	That Little Hand of Yours	XEU	en	0
tt17013390	3	エ�?�ソ�?��?� #1.5779	JP	ja	0
tt17030826	5	아메리칸 드림 앤드 아더 �?어리 테일스	KR	\N	0
tt17054922	3	Episódio #1.6087	PT	pt	0
tt1708359	2	एपिसोड #18.39	IN	hi	0
tt1709377	2	Épisode datant du 21 juillet 2010	FR	fr	0
tt17164656	3	एपिसोड #1.5385	IN	hi	0
tt1718158	18	Zona Proibida	PT	\N	0
tt17351842	1	エ�?�ソ�?��?� #1.6926	JP	ja	0
tt1736710	6	Episodio fechado 2 octubre 2010	ES	es	0
tt17375636	2	Episodio #1.7338	ES	es	0
tt1745683	1	Die Gefangenen von Murano	\N	\N	1
tt17499042	7	Episodio #1.201	IT	it	0
tt17520068	6	Episódio #3.89	PT	pt	0
tt1752808	7	Episódio #2.12	PT	pt	0
tt1761951	7	Episódio #7.29	PT	pt	0
tt1763141	7	Episodio fechado 29 marzo 1995	ES	es	0
tt17716470	2	Episodio #1.332	ES	es	0
tt1776207	7	Nel flusso della vita	IT	\N	0
tt1782278	3	एपिसोड #1.4	IN	hi	0
tt1786700	1	The Flirto-Maniac	\N	\N	1
tt1787038	4	Episódio datado de 1 Dezembro de 2010	PT	pt	0
tt17941184	4	Folge vom 7. Februar 2022	DE	de	0
tt1801560	4	Folge vom 16. August 1995	DE	de	0
tt18238458	7	Épisode #1.352	FR	fr	0
tt1824782	6	Episódio #1.13	PT	pt	0
tt18248500	3	Episodio #1.2995	IT	it	0
tt18271708	5	Episodio #30.4	IT	it	0
tt18281312	3	एपिसोड #1.264	IN	hi	0
tt1828423	7	Folge #3.5	DE	de	0
tt1830928	1	Hollywood Round: Part 1	US	\N	0
tt18312242	2	Épisode #2.34	FR	fr	0
tt18314002	5	Episodio datato 15 febbraio 2022	IT	it	0
tt18350620	1	エ�?�ソ�?��?� #1.178	JP	ja	0
tt18552846	3	Episódio #1.2318	PT	pt	0
tt1856363	6	Episódio #1.1	PT	pt	0
tt1860091	6	Episodio #6.5	IT	it	0
tt1862165	2	एपिसोड #1.6	IN	hi	0
tt1862561	2	1992年4�?25日 �?�エ�?�ソ�?��?�	JP	ja	0
tt1865695	7	Épisode datant du 8 octobre 2010	FR	fr	0
tt1868303	2	Episódio #1.1252	PT	pt	0
tt18692162	1	Episodio #1.742	ES	es	0
tt1872689	1	The Wise Ones	ZM	\N	0
tt1882005	5	Episodio fechado 4 febrero 2000	ES	es	0
tt1891131	1	Folge vom 1. April 2004	DE	de	0
tt19044578	5	エ�?�ソ�?��?� #1.797	JP	ja	0
tt1915844	6	Épisode datant du 31 décembre 1997	FR	fr	0
tt1916551	6	Folge #1.85	DE	de	0
tt19298134	4	Episodio #51.29	ES	es	0
tt1930844	5	Episodio #1.5294	ES	es	0
tt1931224	1	Episódio #15.89	PT	pt	0
tt19353094	3	Episodio #11.157	IT	it	0
tt1938068	6	Episódio #1.231	PT	pt	0
tt19394612	7	Folge #1.7759	DE	de	0
tt19413332	1	Gabriel Versus Garote	PH	\N	0
tt19466126	4	Episodio #1.7339	IT	it	0
tt19497116	7	Episódio #1.101	PT	pt	0
tt1962274	3	Episódio datado de 14 Novembro de 1999	PT	pt	0
tt1963384	3	Épisode datant du 29 juin 1998	FR	fr	0
tt19719146	1	The Other Side	IN	\N	0
tt19753588	6	Folge vom 15. April 2022	DE	de	0
tt19758786	1	Xi Chu Yumen	CN	cmn	0
tt1976922	6	Folge #19.174	DE	de	0
tt1983531	5	Folge vom 23. Januar 2002	DE	de	0
tt1993802	2	24 नवम्बर 2000 को प्रसारित एपिसोड	IN	hi	0
tt1994832	5	Folge #1.38	DE	de	0
tt2000727	3	2000年12�?3日 �?�エ�?�ソ�?��?�	JP	ja	0
tt20117182	1	Episódio datado de 6 Maio de 2022	PT	pt	0
tt2013336	6	Episódio datado de 7 Agosto de 2011	PT	pt	0
tt20231536	3	The Circadian Cycle	US	\N	0
tt2041417	1	Matt Ralston's Alaska	\N	\N	1
tt2044846	2	Psychopathy	US	\N	0
tt20450302	5	Episodio #1.153	IT	it	0
tt2049823	5	Épisode datant du 26 juillet 2004	FR	fr	0
tt2056011	7	Episodio fechado 6 agosto 1996	ES	es	0
tt20595660	3	Episodio datato 28 ottobre 2015	IT	it	0
tt20597042	4	Épisode #1.234	FR	fr	0
tt2072473	2	Épisode datant du 12 octobre 2011	FR	fr	0
tt2079506	1	Frustrated	\N	\N	1
tt2085294	7	Folge vom 24. Oktober 2011	DE	de	0
tt20896222	7	エ�?�ソ�?��?� #1.5	JP	ja	0
tt20899872	4	एपिसोड #6.48	IN	hi	0
tt21028028	5	Folge #1.564	DE	de	0
tt21031142	1	1 ज�?ला�? 2009 को प्रसारित एपिसोड	IN	hi	0
tt21062058	6	エ�?�ソ�?��?� #1.125	JP	ja	0
tt21081368	1	エ�?�ソ�?��?� #1.100	JP	ja	0
tt21140584	6	Episódio #1.11	PT	pt	0
tt21158378	1	If Real Life Was Like the Movies	US	\N	0
tt21203926	2	Episódio datado de 16 Julho de 2022	PT	pt	0
tt21219350	2	Episodio #1.425	IT	it	0
tt21266396	2	Episodio #1.110	ES	es	0
tt21339784	4	Episodio datato 20 ottobre 2011	IT	it	0
tt21401640	7	Folge vom 18. August 2015	DE	de	0
tt2162713	6	За�?�?мят ле�?а	SUHH	ru	0
tt21653408	4	एपिसोड #1.2	IN	hi	0
tt21742102	4	Épisode #1.27	FR	fr	0
tt2178577	7	Episódio datado de 5 Setembro de 2011	PT	pt	0
tt21832624	7	エ�?�ソ�?��?� #1.127	JP	ja	0
tt21841490	3	Episódio datado de 19 Agosto de 2022	PT	pt	0
tt21859124	5	Episódio #1.51	PT	pt	0
tt21890374	2	Épisode #1.3451	FR	fr	0
tt2191487	3	Folge #3.265	DE	de	0
tt21918510	7	Folge #5.239	DE	de	0
tt21918922	6	Episódio #1.370	PT	pt	0
tt21999170	5	Episódio #1.287	PT	pt	0
tt22001222	2	Folge #1.98	DE	de	0
tt22018690	3	Episodio #1.807	ES	es	0
tt22027260	2	Oloi oi hronoi enas	\N	\N	1
tt2213962	4	Go! azen	ES	eu	0
tt22173154	2	Episodio #1.700	IT	it	0
tt22191054	6	एपिसोड #1.221	IN	hi	0
tt2232278	4	Episódio #11.185	PT	pt	0
tt2233747	4	Episódio datado de 1 Novembro de 1997	PT	pt	0
tt2238480	1	Folge #5.4	DE	de	0
tt22405522	4	एपिसोड #1.31	IN	hi	0
tt22443846	7	Episodio #1.10	ES	es	0
tt2244874	2	Vanishing Act	\N	\N	1
tt22449656	1	एपिसोड #1.514	IN	hi	0
tt22457658	7	Folge vom 1. Oktober 2022	DE	de	0
tt2253231	6	Episódio datado de 20 Julho de 1994	PT	pt	0
tt22639900	1	Episódio #2.2	PT	pt	0
tt2267030	3	26 ज�?ला�? 2012 को प्रसारित एपिसोड	IN	hi	0
tt2271610	3	Episódio datado de 14 Maio de 2002	PT	pt	0
tt22766534	3	Épisode #1.18	FR	fr	0
tt22798070	3	Episodio fechado 30 septiembre 2022	ES	es	0
tt22800354	5	Épisode #1.19	FR	fr	0
tt22817218	1	Student Life (Rajasthani Film)	IN	\N	0
tt2284611	2	2012年3�?3日 �?�エ�?�ソ�?��?�	JP	ja	0
tt2296681	2	Cat Scan	US	\N	0
tt23028754	3	エ�?�ソ�?��?� #1.16	JP	ja	0
tt23030050	3	एपिसोड #1.13	IN	hi	0
tt23051582	3	Episódio #1.8	PT	pt	0
tt2305204	5	Folge #1.5	DE	de	0
tt23117694	7	Episodio #1.22	ES	es	0
tt23146886	7	Episódio #1.1864	PT	pt	0
tt2320568	1	Big Butts Like It Big 10	CA	\N	0
tt2324226	3	Episodio #11.3	ES	es	0
tt23333964	2	एपिसोड #1.7	IN	hi	0
tt2342562	2	The Sound of a Yellow Flower	\N	\N	1
tt2343317	3	एपिसोड #1.24	IN	hi	0
tt2345038	3	एपिसोड #3.196	IN	hi	0
tt2358928	4	Episodio #3.1	IT	it	0
tt2359679	2	エ�?�ソ�?��?� #1.3	JP	ja	0
tt23632552	7	Episodio #1.78	ES	es	0
tt2369041	1	Legenda o zmajevom grobu	HR	\N	0
tt23729242	3	Episodio #1.386	IT	it	0
tt23832096	1	Folge #1.9	DE	de	0
tt23865480	1	15 मार्च 1996 को प्रसारित एपिसोड	IN	hi	0
tt2396967	5	एपिसोड #1.12574	IN	hi	0
tt24083820	3	エ�?�ソ�?��?� #1.56	JP	ja	0
tt2417784	2	Okupas	ES	\N	0
tt24183420	4	Episódio #1.48	PT	pt	0
tt24215516	1	Episódio #3.3	PT	pt	0
tt2427982	4	Épisode #1.157	FR	fr	0
tt24365068	5	Episodio #1.131	IT	it	0
tt2469846	2	Episodio #1.1323	ES	es	0
tt2470474	1	Épisode #1.1407	FR	fr	0
tt24948814	6	エ�?�ソ�?��?� #1.53	JP	ja	0
tt25148730	3	एपिसोड #1.21	IN	hi	0
tt25190704	6	Episódio #1.21	PT	pt	0
tt25219236	3	Épisode #1.268	FR	fr	0
tt25219778	7	Épisode #1.284	FR	fr	0
tt25389356	3	Episódio #1.3902	PT	pt	0
tt25491372	7	एपिसोड #30.23	IN	hi	0
tt25638326	3	एपिसोड #1.4	IN	hi	0
tt25644656	5	Episodio #1.373	IT	it	0
tt25729998	3	Episódio #1.8	PT	pt	0
tt25806212	7	Folge #1.1106	DE	de	0
tt2615128	3	エ�?�ソ�?��?� #1.130	JP	ja	0
tt26176872	5	Épisode #1.91	FR	fr	0
tt26229302	7	Episodio #1.54	ES	es	0
tt2625142	7	Episodio fechado 24 enero 2013	ES	es	0
tt2628290	5	13 जनवरी 2013 को प्रसारित एपिसोड	IN	hi	0
tt26315081	1	Episódio #1.3	PT	pt	0
tt26349539	4	Episódio #1.1701	PT	pt	0
tt26393678	7	Folge #1.6	DE	de	0
tt26427014	2	エ�?�ソ�?��?� #1.179	JP	ja	0
tt26440457	6	Épisode #1.14	FR	fr	0
tt26473620	1	एपिसोड #1.205	IN	hi	0
tt26489299	6	エ�?�ソ�?��?� #1.290	JP	ja	0
tt26512619	7	Episodio #1.638	ES	es	0
tt26674953	4	Épisode #1.401	FR	fr	0
tt26678732	4	1974年12�?18日 �?�エ�?�ソ�?��?�	JP	ja	0
tt26899719	1	Folge #1.35	DE	de	0
tt26907089	5	Épisode #1.32	FR	fr	0
tt2693654	3	Folge #1.66	DE	de	0
tt2700400	3	The urawaza onanii	\N	\N	1
tt2722636	1	Gödel Incomplete	AU	\N	0
tt2746088	1	Exercices d'armes et d'équitation: Attaque d'une section d'artillerie	FR	\N	0
tt2763422	3	Episodio #5.4	IT	it	0
tt2820200	6	Episódio #2.57	PT	pt	0
tt2828940	4	Folge #1.244	DE	de	0
tt2880692	3	Episódio datado de 7 Maio de 2013	PT	pt	0
tt2900624	4	All Hallows' Eve	IT	\N	0
tt2903532	1	Herschel Sizemore: Mandolin in B	US	\N	0
tt2971420	2	Britography	GB	\N	0
tt3008454	1	Episódio datado de 25 Junho de 2011	PT	pt	0
tt3041540	1	Endgültig vorbei	DE	\N	0
tt3058270	1	Barely Legal Straight a Students 2	US	\N	0
tt3060698	3	�?�シ�?�ィ�??ク�?��??�?�ジ�?��?� 大日本帝国�?�黄金伝説を追�??!	JP	ja	0
tt3065848	1	4 bi 4	\N	\N	1
tt3067124	6	Episodio #5.55	ES	es	0
tt3069642	6	Episódio #1.10	PT	pt	0
tt3126372	5	Episodio fechado 21 agosto 2013	ES	es	0
tt3166872	3	एपिसोड #2.2	IN	hi	0
tt3184262	7	Folge vom 13. September 2013	DE	de	0
tt3193568	4	Episódio datado de 16 Junho de 2011	PT	pt	0
tt3193646	5	Épisode datant du 6 septembre 2011	FR	fr	0
tt3206116	1	Motor v. Horse	\N	\N	1
tt3287872	6	Episodio #3.206	IT	it	0
tt3294064	7	एपिसोड #3.135	IN	hi	0
tt3322438	2	Voices	\N	\N	1
tt3325440	2	Carrie vs. Jason	\N	\N	1
tt3339578	4	Episódio #9.1	PT	pt	0
tt3377750	3	Episódio #1.4470	PT	pt	0
tt3402110	5	Tazza: The Hidden Card	\N	\N	0
tt3421858	2	Christmas with Rupert	\N	\N	1
tt3434918	5	Episodio #1.195	ES	es	0
tt3506526	2	Episódio #3.49	PT	pt	0
tt3563514	5	Folge vom 10. März 2014	DE	de	0
tt3593564	6	Episodio #9.4	ES	es	0
tt3600524	1	Absolutely Breathtaking	CA	\N	0
tt3641852	2	Episódio #1.41	PT	pt	0
tt3665402	2	Ladies Lust Love	\N	\N	1
tt3716666	1	Episódio #3.4	PT	pt	0
tt3721670	1	एपिसोड #1.139	IN	hi	0
tt3779898	1	エ�?�ソ�?��?� #1.2	JP	ja	0
tt3786148	7	エ�?�ソ�?��?� #3.6	JP	ja	0
tt3787818	5	Episódio datado de 12 Junho de 2014	PT	pt	0
tt3803006	2	एपिसोड #2.4	IN	hi	0
tt3809182	7	Episodio #1.290	ES	es	0
tt3811168	1	एपिसोड #1.249	IN	hi	0
tt3858170	4	Épisode datant du 9 juillet 2014	FR	fr	0
tt3864666	5	Folge #1.237	DE	de	0
tt3873362	5	Folge #1.5	DE	de	0
tt3875244	1	Cathouse	\N	\N	1
tt3889962	1	Clown Shank	US	\N	0
tt3920040	4	Episodio #1.6	IT	it	0
tt3929742	7	Folge #1.2347	DE	de	0
tt3937594	3	एपिसोड #1.5770	IN	hi	0
tt3972792	1	Selling Rosario	US	\N	0
tt4029018	4	Episódio #9.1	PT	pt	0
tt4068224	7	Episodio #1.6993	ES	es	0
tt4077514	2	Mr. Lune	FR	\N	0
tt4126838	1	Ena fos stin omihli	\N	\N	1
tt4128710	3	Folge #1.2	DE	de	0
tt4226100	5	Épisode #1.2013	FR	fr	0
tt4232576	6	Épisode datant du 6 février 1992	FR	fr	0
tt4311182	1	Emma - Leiche im Gepack	\N	\N	1
tt4313144	1	25 जनवरी 2015 को प्रसारित एपिसोड	IN	hi	0
tt4332894	4	Épisode datant du 18 septembre 2013	FR	fr	0
tt4333550	1	Episódio datado de 9 Janeiro de 1965	PT	pt	0
tt4350054	4	एपिसोड #1.1	IN	hi	0
tt4395500	6	Episódio #1.46	PT	pt	0
tt4405526	1	Folge #1.3636	DE	de	0
tt4418638	3	Folge vom 14. April 2014	DE	de	0
tt4475664	5	Épisode #1.30	FR	fr	0
tt4483798	2	Épisode datant du 10 décembre 2014	FR	fr	0
tt4491456	3	Amerika v sedmdesátých letech	CZ	\N	0
tt4582970	7	Episódio #1.134	PT	pt	0
tt4583010	6	Episodio #1.159	IT	it	0
tt4594234	2	The Doctor	GB	\N	0
tt4648436	7	13 अक्टूबर 1996 को प्रसारित एपिसोड	IN	hi	0
tt4671446	2	Episodio datato 20 novembre 2007	IT	it	0
tt4678064	2	Folge #3.12	DE	de	0
tt4683316	2	Folge #2.15	DE	de	0
tt4720192	4	Épisode #1.35	FR	fr	0
tt4723692	2	2015年6�?4日 �?�エ�?�ソ�?��?�	JP	ja	0
tt4756418	2	エ�?�ソ�?��?� #1.3	JP	ja	0
tt4779668	1	Folge #5.11	DE	de	0
tt4787810	2	Episodio #1.295	IT	it	0
tt4854576	7	2015年3�?27日 �?�エ�?�ソ�?��?�	JP	ja	0
tt4882160	2	Fred Mulligan's Showcase of Stars Episode 2	US	\N	0
tt4911502	6	Episodio datato 11 luglio 2011	IT	it	0
tt4947716	1	Episodio #1.10695	IT	it	0
tt4966380	4	Episódio datado de 25 Agosto de 2015	PT	pt	0
tt4984548	2	Episodio #1.68	IT	it	0
tt5038754	4	Episodio #1.94	IT	it	0
tt5045938	4	エ�?�ソ�?��?� #4.32	JP	ja	0
tt5109456	7	Épisode #1.61	FR	fr	0
tt5115848	1	Episódio #1.38	PT	pt	0
tt5172728	6	Episodio datato 15 novembre 2015	IT	it	0
tt5238698	1	Freek de Jonge: De mythe	NL	\N	0
tt5335038	2	新人１１４�?ｍＫ�?ｕ�? ＡＮＮＡ	JP	ja	0
tt5361840	1	Épisode datant du 6 décembre 2009	FR	fr	0
tt5400626	6	एपिसोड #1.7201	IN	hi	0
tt5467666	1	Zeravshan de no igyô	JP	\N	0
tt5495682	6	एपिसोड #1.234	IN	hi	0
tt5517774	3	एपिसोड #3.2	IN	hi	0
tt5522248	3	Folge #1.11	DE	de	0
tt5540030	7	2016年3�?16日 �?�エ�?�ソ�?��?�	JP	ja	0
tt5566008	4	Episodio #5.75	ES	es	0
tt5572950	7	Episodio #1.1	IT	it	0
tt5594490	7	Foursome	PH	en	0
tt5626838	1	Editors on Editing: Joe Walker - Sicario	US	\N	0
tt5638822	5	2016年4�?14日 �?�エ�?�ソ�?��?�	JP	ja	0
tt5731794	4	एपिसोड #1.961	IN	hi	0
tt5782228	1	Épisode #1.37	FR	fr	0
tt5797422	7	Folge #7.164	DE	de	0
tt5824010	2	5 ज�?ला�? 1977 को प्रसारित एपिसोड	IN	hi	0
tt5864882	1	Episódio #1.3	PT	pt	0
tt5905344	2	Оптими�?ти	BG	bg	0
tt5917856	2	Whisper	\N	\N	1
tt5936882	3	Épisode #9.4	FR	fr	0
tt5939660	1	एपिसोड #11.10	IN	hi	0
tt5960816	7	Episodio #1.1	IT	it	0
tt5962384	1	The Nutcracker Princess	US	\N	0
tt5963320	1	Ceará Fora da Casinha	BR	\N	0
tt5967028	3	エ�?�ソ�?��?� #8.21	JP	ja	0
tt6055682	7	Episodio #1.3	ES	es	0
tt6070190	5	Épisode #1.20	FR	fr	0
tt6078732	4	Episodio fechado 19 septiembre 2016	ES	es	0
tt6089368	5	1982年7�?13日 �?�エ�?�ソ�?��?�	JP	ja	0
tt6101380	1	Pop	\N	\N	1
tt6107904	3	Debajo de la Cama	MX	\N	0
tt6122506	6	एपिसोड #2.221	IN	hi	0
tt6138224	7	Folge #7.1	DE	de	0
tt6176086	3	Episodio #1.11031	ES	es	0
tt6237906	3	Episodio #7.8	ES	es	0
tt6306842	2	एपिसोड #1.56	IN	hi	0
tt6310434	6	एपिसोड #1.1840	IN	hi	0
tt6310684	7	Folge #1.1965	DE	de	0
tt6342398	5	Os Cavaleiros do Zodíaco: Alma dos Soldados	BR	\N	0
tt6378460	2	Episodio datato 23 dicembre 2013	IT	it	0
tt6382820	1	Kvailai	ES	\N	0
tt6383318	3	एपिसोड #1.9	IN	hi	0
tt6390506	2	Sons of Sabbath: Warnibloid	\N	\N	1
tt6454714	3	Episodio #11.29	IT	it	0
tt6506324	3	2 फ़रवरी 2017 को प्रसारित एपिसोड	IN	hi	0
tt6590932	7	Episódio #6.7	PT	pt	0
tt6600956	5	Folge #1.4	DE	de	0
tt6601668	7	Episodio #1.32	ES	es	0
tt6625036	1	Episodio #1.30	ES	es	0
tt6626790	5	Episodio #9.146	IT	it	0
tt6632642	3	エ�?�ソ�?��?� #1.16	JP	ja	0
tt6635750	5	Folge #1.27	DE	de	0
tt6639960	1	NK: The Sedulous Warrior	US	\N	0
tt6681272	1	Tobias startet mit Evas Hilfe seinen Casinocoup	DE	\N	0
tt6733736	7	Folge #1.6	DE	de	0
tt6746972	5	Épisode #1.31	FR	fr	0
tt6794288	6	Episódio #1.10	PT	pt	0
tt6804856	2	Folge vom 7. Oktober 2016	DE	de	0
tt6806128	4	Épisode #1.9	FR	fr	0
tt6811374	6	Episodio #4.119	IT	it	0
tt6814032	3	एपिसोड #1.3	IN	hi	0
tt6815106	5	Épisode #1.3	FR	fr	0
tt6823816	7	Episodio #1.1173	IT	it	0
tt6864274	3	Épisode datant du 16 février 2012	FR	fr	0
tt6882156	2	Episodio #1.8	ES	es	0
tt6890130	2	Episodio #15.9	IT	it	0
tt6920848	4	Episódio datado de 18 Maio de 2017	PT	pt	0
tt6939988	4	Episódio datado de 15 Outubro de 2015	PT	pt	0
tt6954618	2	The Weight of Injustice	\N	\N	1
tt7007020	6	Episodio datato 2 ottobre 1998	IT	it	0
tt7017256	3	Folge #1.60	DE	de	0
tt7020844	4	エ�?�ソ�?��?� #1.55	JP	ja	0
tt7048576	6	エ�?�ソ�?��?� #1.61	JP	ja	0
tt7052906	7	Episodio #2.11	ES	es	0
tt7111450	2	Kiko	US	\N	0
tt7135982	5	Episodio #1.90	ES	es	0
tt7198674	4	エ�?�ソ�?��?� #1.96	JP	ja	0
tt7233114	4	Episódio #1.107	PT	pt	0
tt7256484	3	Épisode #2.4	FR	fr	0
tt7306654	3	Épisode #1.90	FR	fr	0
tt7326528	7	Episodio #36.308	ES	es	0
tt7381522	7	Épisode datant du 15 septembre 2017	FR	fr	0
tt7416272	1	Myohôin kanpachî: kôhen	JP	\N	0
tt7431034	4	Épisode #1.564	FR	fr	0
tt7460282	4	Episodio #5.1	IT	it	0
tt7523030	3	Episodio #2.37	IT	it	0
tt7524182	4	एपिसोड #1.20	IN	hi	0
tt7524934	1	MDMA: The Movie	US	\N	0
tt7546190	2	The God Who Speaks	PH	en	0
tt7553018	7	Épisode datant du 25 octobre 2017	FR	fr	0
tt7606842	1	Encuentros incómodos	MX	\N	0
tt7609544	1	War Sweet Home	AE	\N	0
tt7615604	4	Episodio #1.8	IT	it	0
tt7618834	7	Episodio #1.38	ES	es	0
tt7619290	1	エ�?�ソ�?��?� #1.222	JP	ja	0
tt7662630	3	Folge #3.10	DE	de	0
tt7665202	1	2017年11�?20日 �?�エ�?�ソ�?��?�	JP	ja	0
tt7694212	3	Épisode #6.1	FR	fr	0
tt7705948	4	Épisode #1.46	FR	fr	0
tt7715682	2	Épisode #1.95	FR	fr	0
tt7763718	5	Folge #1.179	DE	de	0
tt7767872	4	エ�?�ソ�?��?� #1.28	JP	ja	0
tt7791482	4	エ�?�ソ�?��?� #1.65	JP	ja	0
tt7801588	1	An Empire Without A Ruler	JP	\N	0
tt7807860	2	Episodio #1.107	IT	it	0
tt7810122	7	エ�?�ソ�?��?� #22.72	JP	ja	0
tt7842240	6	Episodio #2.8	IT	it	0
tt7849142	1	Folge #4.20	DE	de	0
tt7859954	1	Folge #1.57	DE	de	0
tt7872868	3	Episodio #3.5	IT	it	0
tt7887820	6	Episodio #1.73	IT	it	0
tt7916854	4	Épisode #1.45	FR	fr	0
tt7917776	6	Episódio #1.187	PT	pt	0
tt7944840	1	エ�?�ソ�?��?� #1.1	JP	ja	0
tt7957766	5	Épisode #1.75	FR	fr	0
tt7960984	1	Marina rechaza a Ricardo y le cuenta su pasado	MX	\N	0
tt7965002	3	Épisode #1.114	FR	fr	0
tt8002438	1	Folge vom 24. Januar 2018	DE	de	0
tt8013334	7	Episodio #1.47	ES	es	0
tt8025528	4	Folge #1.188	DE	de	0
tt8049806	5	Épisode datant du 18 décembre 2015	FR	fr	0
tt8053248	6	Folge #1.80	DE	de	0
tt8056852	6	Épisode #2.26	FR	fr	0
tt8111822	4	Episodio #1.82	IT	it	0
tt8157492	4	Episodio #2.126	ES	es	0
tt8161770	6	Episodio #2.29	ES	es	0
tt8186026	6	エ�?�ソ�?��?� #1.107	JP	ja	0
tt8225916	6	エ�?�ソ�?��?� #1.7	JP	ja	0
tt8235956	6	エ�?�ソ�?��?� #2.3	JP	ja	0
tt8249982	1	Episodio #1.74	ES	es	0
tt8256904	5	エ�?�ソ�?��?� #1.46	JP	ja	0
tt8261190	5	Episodio #1.112	IT	it	0
tt8270714	2	Episodio #1.100	ES	es	0
tt8278390	1	Folge vom 4. Januar 1982	DE	de	0
tt8321146	5	Episodio #1.103	IT	it	0
tt8372472	3	Folge #1.11	DE	de	0
tt8415890	1	Care	\N	\N	1
tt8558858	5	エ�?�ソ�?��?� #1.58	JP	ja	0
tt8613700	2	Folge #2.35	DE	de	0
tt8617314	5	Folge #1.124	DE	de	0
tt8630740	4	エ�?�ソ�?��?� #1.77	JP	ja	0
tt8644474	5	2012年5�?9日 �?�エ�?�ソ�?��?�	JP	ja	0
tt8656264	2	Líbero	\N	\N	1
tt8659914	1	Washington in the '90s	US	\N	0
tt8661306	1	Back in Time for Dinner	\N	\N	1
tt8701996	2	Episódio #1.61	PT	pt	0
tt8705128	5	एपिसोड #1.8	IN	hi	0
tt8712998	2	Modesty	\N	\N	1
tt8730594	4	Épisode #1.13	FR	fr	0
tt8734274	3	एपिसोड #1.121	IN	hi	0
tt8741436	5	एपिसोड #1.8	IN	hi	0
tt8767596	1	LIONS	US	\N	0
tt8774934	1	Manga Do	IT	\N	0
tt8785544	2	Folge #1.26	DE	de	0
tt8838574	2	Seanie & Flo	\N	\N	1
tt8871596	4	Episódio #1.37	PT	pt	0
tt8889746	1	Episodio #1.108	IT	it	0
tt8893944	6	Épisode datant du 15 août 2018	FR	fr	0
tt8899032	3	एपिसोड #1.65	IN	hi	0
tt8937422	4	एपिसोड #5.4	IN	hi	0
tt8957242	5	Episódio #1.9	PT	pt	0
tt8957894	2	Épisode #1.66	FR	fr	0
tt8984258	4	Épisode #1.46	FR	fr	0
tt9039552	7	Episódio #1.14173	PT	pt	0
tt9047920	3	Folge #2.30	DE	de	0
tt9087904	1	Episodio #1.72	ES	es	0
tt9091734	3	Episódio #1.1916	PT	pt	0
tt9095460	3	Folge #1.22	DE	de	0
tt9096818	7	Episodio #1.58	ES	es	0
tt9113140	2	एपिसोड #1.56	IN	hi	0
tt9118906	6	エ�?�ソ�?��?� #1.50	JP	ja	0
tt9137814	2	Episodio #1.13	IT	it	0
tt9145364	6	Episódio #35.28	PT	pt	0
tt9173964	1	Zero	AU	\N	0
tt9193386	2	एपिसोड #25.52	IN	hi	0
tt9254144	6	Episodio #1.39	ES	es	0
tt9259214	4	Folge #1.144	DE	de	0
tt9285692	4	エ�?�ソ�?��?� #1.85	JP	ja	0
tt9316294	6	Episódio #1.295	PT	pt	0
tt9400474	1	Episódio #1.114	PT	pt	0
tt9448890	1	Épisode #1.48	FR	fr	0
tt9453664	4	Épisode #1.116	FR	fr	0
tt9459562	6	Episodio #1.105	IT	it	0
tt9517408	3	Episódio #4.32	PT	pt	0
tt9528436	1	Episodio #1.401	ES	es	0
tt9537594	6	Episódio #8.8	PT	pt	0
tt9545388	4	Episodio #1.82	IT	it	0
tt9548014	3	Episódio #7.93	PT	pt	0
tt9550348	1	Freaked Review: Pretty Freakin' Gross	US	\N	0
tt9554968	4	Épisode #1.645	FR	fr	0
tt9605920	6	2019年1�?14日 �?�エ�?�ソ�?��?�	JP	ja	0
tt9644392	3	Folge #2.85	DE	de	0
tt9650290	1	एपिसोड #1.1052	IN	hi	0
tt9654972	1	エ�?�ソ�?��?� #3.109	JP	ja	0
tt9687322	5	Episódio #1.199	PT	pt	0
tt9693678	2	Episodio #6.146	ES	es	0
tt9694388	3	एपिसोड #5.38	IN	hi	0
tt9698202	5	Episodio datato 8 dicembre 2018	IT	it	0
tt9706688	6	एपिसोड #1.398	IN	hi	0
tt9706978	5	Folge #1.56	DE	de	0
tt9713560	3	Folge #3.13	DE	de	0
tt9753002	4	Mi gran despedida	\N	\N	1
tt9753452	1	Episódio #41.45	PT	pt	0
tt9765390	2	Episodio datato 18 agosto 2014	IT	it	0
tt9767292	5	Folge #1.146	DE	de	0
tt9767418	6	Episodio #1.90	IT	it	0
tt9777568	7	Folge #35.113	DE	de	0
tt9824788	5	Episodio #1.387	IT	it	0
tt9826396	5	Épisode #1.1	FR	fr	0
tt9837290	5	Épisode #1.10	FR	fr	0
tt9849582	3	Folge #1.3440	DE	de	0
tt9859616	9	The Golden Eyes	US	\N	0
tt9898408	4	Episodio #1.6	IT	it	0
tt9905086	2	Folge vom 12. April 2002	DE	de	0
