title_id	title_type	primary_title	original_title	is_adult	start_year	end_year	runtime_minutes
tt0004287	short	The Maid from Sweden	The Maid from Sweden	0	1914	\N	10
tt0012466	movie	The Mistress of Shenstone	The Mistress of Shenstone	0	1921	\N	60
tt0012468	movie	Molly O'	Molly O'	0	1921	\N	80
tt0012734	movie	Sure Fire	Sure Fire	0	1921	\N	50
tt0018811	short	The Dancing Town	The Dancing Town	0	1928	\N	20
tt0020768	movie	City Girl	City Girl	0	1930	\N	77
tt0023071	movie	Ivan	Ivan	0	1932	\N	102
tt0027155	movie	Under falsk flagg	Under falsk flagg	0	1935	\N	89
tt0030727	movie	Secrets of an Actress	Secrets of an Actress	0	1938	\N	70
tt0032256	movie	Bitter Sweet	Bitter Sweet	0	1940	\N	94
tt0033231	movie	Västkustens hjältar	Västkustens hjältar	0	1940	\N	79
tt0033435	movie	Broadway Limited	Broadway Limited	0	1941	\N	75
tt0033835	short	Little Cesario	Little Cesario	0	1941	\N	8
tt0034076	movie	Quax, der Bruchpilot	Quax, der Bruchpilot	0	1941	\N	92
tt0041847	movie	Scene of the Crime	Scene of the Crime	0	1949	\N	94
tt0045806	movie	Geheimakten Solvay	Geheimakten Solvay	0	1953	\N	105
tt0052507	tvSeries	The Bullwinkle Show	Rocky and His Friends	0	1959	1963	30
tt0056193	movie	Lolita	Lolita	0	1962	\N	153
tt0058099	movie	The Finest Hours	The Finest Hours	0	1964	\N	116
tt0058144	movie	The Glass Cage	The Glass Cage	0	1964	\N	84
tt0061156	movie	Wo ai zi luo lan	Wo ai zi luo lan	0	1966	\N	104
tt0066477	movie	Kung Fu Master - Bruce Lee Style	Ying han	0	1972	\N	84
tt0067896	movie	L'udienza	L'udienza	0	1972	\N	112
tt0081506	movie	Shogun Assassin	Shogun Assassin	0	1980	\N	85
tt0082111	movie	Buddy Buddy	Buddy Buddy	0	1981	\N	96
tt0082779	tvMovie	Murder Is Easy	Murder Is Easy	0	1982	\N	90
tt0092216	movie	Willy/Milly	Willy/Milly	0	1986	\N	86
tt0101356	movie	Another You	Another You	0	1991	\N	94
tt0103239	movie	Wedlock	Wedlock	0	1991	\N	101
tt0103436	tvSeries	The Hat Squad	The Hat Squad	0	1992	1993	60
tt0104491	tvMovie	In My Daughter's Name	In My Daughter's Name	0	1992	\N	93
tt0105929	tvSeries	Absolutely Fabulous	Absolutely Fabulous	0	1992	2012	45
tt0106879	movie	Faut-il aimer Mathilde?	Faut-il aimer Mathilde?	0	1993	\N	95
tt0111341	movie	Satantango	Sátántangó	0	1994	\N	439
tt0113419	movie	The Indian in the Cupboard	The Indian in the Cupboard	0	1995	\N	96
tt0115525	movie	Always yours, for never	Always yours, for never	0	1996	\N	50
tt0119545	movie	Little Bigfoot 2: The Journey Home	Little Bigfoot 2: The Journey Home	0	1998	\N	93
tt0122248	movie	Sex of the Imperial	Sex of the Imperial	0	1991	\N	\N
tt0123119	tvMovie	Is This Goodbye, Charlie Brown?	Is This Goodbye, Charlie Brown?	0	1983	\N	24
tt0130805	short	Jorge, el pequeño niño bombero	Jorge, el pequeño niño bombero	0	1960	\N	13
tt0137649	video	Gang Bang Party	Gang Bang Party	1	1994	\N	71
tt0140791	movie	Affair Play	Affair Play	0	1995	\N	95
tt0146161	video	Rambone: The First Time	Rambone: The First Time	1	1985	\N	80
tt0162135	short	25 Anos de Alegria no Trabalho	25 Anos de Alegria no Trabalho	0	1962	\N	25
tt0176708	short	Fantezii	Fantezii	0	1967	\N	\N
tt0191915	video	Hide and Seek	Cord	0	2000	\N	100
tt0202390	movie	Herr Zwilling und Frau Zuckermann	Herr Zwilling und Frau Zuckermann	0	1999	\N	126
tt0231402	movie	Crocodile Dundee in Los Angeles	Crocodile Dundee in Los Angeles	0	2001	\N	95
tt0275410	video	Horrorvision	Horrorvision	0	2001	\N	72
tt0298351	movie	The Guy in the Grave Next Door	Grabben i graven bredvid	0	2002	\N	94
tt0303034	video	Sex Fun 6	Sex Fun 6	1	2001	\N	87
tt0323191	movie	Los marginados	Los marginados	0	1973	\N	53
tt0345078	short	Cosas que pasan	Cosas que pasan	0	1994	\N	12
tt0349831	movie	The Secret of Affection	Mojeongui bimil	0	1968	\N	90
tt0350619	movie	Bijtë e heroinës	Bijtë e heroinës	0	1980	\N	\N
tt0404112	videoGame	Hitman: Contracts	Hitman: Contracts	0	2004	\N	\N
tt0438299	movie	Overkill	Overkill	0	2004	\N	88
tt0461792	videoGame	Jack Bros.	Jack Bros.	0	1995	\N	\N
tt0480786	tvSeries	Silhouette des Tunnels	Silhouette des Tunnels	0	1998	2000	\N
tt0485763	tvSeries	Gulong ng Palad	Gulong ng Palad	0	2005	2006	\N
tt0509174	tvEpisode	Episode #1.8605	Episode #1.8605	0	2003	\N	\N
tt0531760	tvEpisode	Episode dated 2 February 2004	Episode dated 2 February 2004	0	2004	\N	\N
tt0542797	tvEpisode	Episode #8.4	Episode #8.4	0	1993	\N	\N
tt0544769	tvEpisode	Episode #1.3	Episode #1.3	0	2003	\N	\N
tt0560565	tvEpisode	Episode #3.17	Episode #3.17	0	1976	\N	\N
tt0586518	tvEpisode	Episode #1.10721	Episode #1.10721	0	2005	\N	\N
tt0603673	tvEpisode	Episode #1.277	Episode #1.277	0	1989	\N	28
tt0625830	tvEpisode	Episode dated 12 May 2005	Episode dated 12 May 2005	0	2005	\N	\N
tt0634385	tvEpisode	Episode dated 2 May 1996	Episode dated 2 May 1996	0	1996	\N	\N
tt0639043	tvEpisode	Episode #10.9	Episode #10.9	0	2004	\N	\N
tt0661935	tvEpisode	Episode dated 31 December 1966	Episode dated 31 December 1966	0	1966	\N	\N
tt0669475	tvEpisode	Episode dated 1 November 2005	Episode dated 1 November 2005	0	2005	\N	22
tt0677313	tvEpisode	Enter the Lost Galaxy	Enter the Lost Galaxy	0	1999	\N	21
tt0679389	tvEpisode	Episode dated 13 July 1999	Episode dated 13 July 1999	0	1999	\N	\N
tt0679524	tvEpisode	Episode dated 11 June 2002	Episode dated 11 June 2002	0	2002	\N	\N
tt0702506	tvEpisode	Episode #2.7	Episode #2.7	0	2003	\N	\N
tt0715639	tvEpisode	Episode dated 2 January 2006	Episode dated 2 January 2006	0	2006	\N	\N
tt0724921	tvEpisode	Episode #22.26	Episode #22.26	0	1969	\N	60
tt0728066	tvEpisode	Episode #28.285	Episode #28.285	0	1990	\N	\N
tt0729917	tvEpisode	Episode #1.180	Episode #1.180	0	2004	\N	\N
tt0730476	tvEpisode	Episode #16.51	Episode #16.51	0	1979	\N	36
tt0730551	tvEpisode	Episode #18.51	Episode #18.51	0	1981	\N	36
tt0735452	tvEpisode	Episode dated 12 April 2005	Episode dated 12 April 2005	0	2005	\N	\N
tt0745724	tvEpisode	War Crimes	War Crimes	0	2001	\N	44
tt0754072	tvEpisode	Episode #2.72	Episode #2.72	0	2005	\N	\N
tt0766662	tvEpisode	Episode dated 17 February 2006	Episode dated 17 February 2006	0	2006	\N	\N
tt0785730	tvEpisode	Episode dated 18 January 2006	Episode dated 18 January 2006	0	2006	\N	\N
tt0807026	short	Pills for Papa	Pills for Papa	0	1920	\N	\N
tt0810660	tvEpisode	Episode dated 30 August 2005	Episode dated 30 August 2005	0	2005	\N	22
tt0814085	movie	Price and Passion	Tong xin shu	0	1959	\N	112
tt0814194	tvSpecial	Living the Dream: A Tribute to Dr. Martin Luther King Jr.	Living the Dream: A Tribute to Dr. Martin Luther King Jr.	0	1988	\N	\N
tt0824581	tvEpisode	1534: Grandparents	1534: Grandparents	0	1984	\N	28
tt0834056	movie	Chamundi	Chamundi	0	2000	\N	136
tt0835622	tvEpisode	Episode dated 1 February 2006	Episode dated 1 February 2006	0	2006	\N	\N
tt0840151	tvEpisode	Episode dated 26 July 2006	Episode dated 26 July 2006	0	2006	\N	\N
tt0876344	tvEpisode	Episode #1.3	Episode #1.3	0	1993	\N	\N
tt0885761	tvSeries	Durham County	Durham County	0	2007	2010	60
tt0900259	tvEpisode	Episode #2.22	Episode #2.22	0	1982	\N	\N
tt0951059	tvEpisode	Episode #1.44	Episode #1.44	0	1984	\N	\N
tt0967148	tvEpisode	Episode #1.137	Episode #1.137	0	2003	\N	60
tt0987770	tvEpisode	Episode #1.98	Episode #1.98	0	2006	\N	\N
tt0995543	tvEpisode	Episode dated 9 April 2007	Episode dated 9 April 2007	0	2007	\N	\N
tt10010282	tvEpisode	Playing Catch-Up	Playing Catch-Up	0	2015	\N	\N
tt10024268	tvEpisode	Episode #1.102	Episode #1.102	0	2017	\N	\N
tt10032880	tvEpisode	Episode #1.1863	Episode #1.1863	0	2016	\N	\N
tt10061228	tvEpisode	Episode #1.612	Episode #1.612	0	2010	\N	\N
tt1006527	tvEpisode	Episode dated 10 June 2005	Episode dated 10 June 2005	0	2005	\N	\N
tt10074880	tvEpisode	Episode #3.96	Episode #3.96	0	2019	\N	\N
tt10076144	tvEpisode	Episode #1.449	Episode #1.449	0	2014	\N	\N
tt10083402	tvEpisode	Episode #5.172	Episode #5.172	0	2016	\N	\N
tt10083854	tvEpisode	Episode #1.218	Episode #1.218	0	2012	\N	\N
tt10114274	tvEpisode	Episode #1.171	Episode #1.171	0	2008	\N	\N
tt10118650	tvEpisode	Episode #1.623	Episode #1.623	0	2010	\N	\N
tt10151784	tvEpisode	Episode #3.2	Episode #3.2	0	2019	\N	\N
tt10205840	tvEpisode	Episode #1.297	Episode #1.297	0	2018	\N	\N
tt10221428	tvEpisode	Episode #1.385	Episode #1.385	0	1971	\N	22
tt1022857	tvEpisode	Episode dated 17 March 2003	Episode dated 17 March 2003	0	2003	\N	\N
tt10255260	tvEpisode	Episode #44.106	Episode #44.106	0	2019	\N	\N
tt10280506	tvEpisode	Episode #1.36	Episode #1.36	0	2019	\N	\N
tt10310318	tvEpisode	Episode #1.23	Episode #1.23	0	2015	\N	\N
tt10347270	tvEpisode	Episode #1.106	Episode #1.106	0	2009	\N	\N
tt10355058	movie	Secret Agent Dingledorf and His Trusty Dog Splat	Secret Agent Dingledorf and His Trusty Dog Splat	0	2021	\N	89
tt1035997	tvEpisode	Episode #1.5	Episode #1.5	0	2006	\N	\N
tt10360640	tvSeries	Gentle Reflections	Gentle Reflections	0	1994	1994	\N
tt10382782	short	Running Against the Wind	Running Against the Wind	0	2019	\N	\N
tt10414336	tvEpisode	Episode #1.407	Episode #1.407	0	1994	\N	30
tt10448474	tvEpisode	Episode #11.179	Episode #11.179	0	2011	\N	30
tt10502254	tvEpisode	Episode #1.130	Episode #1.130	0	\N	\N	\N
tt10511664	tvEpisode	Episode #2.70	Episode #2.70	0	\N	\N	30
tt10542364	tvEpisode	Episode #1.1629	Episode #1.1629	0	1998	\N	\N
tt1058898	tvEpisode	Episode dated 27 June 2007	Episode dated 27 June 2007	0	2007	\N	\N
tt1061583	tvEpisode	Episode dated 10 July 2007	Episode dated 10 July 2007	0	2007	\N	\N
tt10629786	tvEpisode	Episode #1.189	Episode #1.189	0	2018	\N	\N
tt10649218	tvEpisode	Episode #1.2539	Episode #1.2539	0	2017	\N	\N
tt10660118	tvEpisode	Episode #1.27	Episode #1.27	0	2019	\N	35
tt10700110	tvEpisode	Episode #1.1024	Episode #1.1024	0	1957	\N	\N
tt10702044	tvEpisode	Episode dated 29 October 1998	Episode dated 29 October 1998	0	1998	\N	\N
tt10711068	tvEpisode	Episode #1.540	Episode #1.540	0	1955	\N	\N
tt10734006	tvEpisode	Episode #1.589	Episode #1.589	0	\N	\N	\N
tt1074870	tvEpisode	Episode #16.131	Episode #16.131	0	2007	\N	\N
tt10753060	tvEpisode	Episode #1.454	Episode #1.454	0	2018	\N	\N
tt10756456	tvEpisode	Episode dated 7 August 2019	Episode dated 7 August 2019	0	2019	\N	\N
tt1075856	tvEpisode	Episode dated 24 July 2007	Episode dated 24 July 2007	0	2007	\N	\N
tt10776302	tvEpisode	Episode #1.553	Episode #1.553	0	1979	\N	\N
tt10785766	tvEpisode	Episode #1.2790	Episode #1.2790	0	2018	\N	\N
tt10822460	tvEpisode	Episode #25.9	Episode #25.9	0	2014	\N	\N
tt10823736	tvEpisode	Episode #1.248	Episode #1.248	0	\N	\N	22
tt10827638	short	Taste	Taste	0	2019	\N	\N
tt1086055	video	Errol Flynn: Portrait of a Swashbuckler	Errol Flynn: Portrait of a Swashbuckler	0	1983	\N	\N
tt10884952	tvEpisode	Episode #1.483	Episode #1.483	0	2019	\N	\N
tt10887958	tvEpisode	Episode dated 17 February 1998	Episode dated 17 February 1998	0	1998	\N	\N
tt1090402	tvEpisode	Episode #1.4428	Episode #1.4428	0	2004	\N	\N
tt10909204	tvEpisode	Episode #1.1116	Episode #1.1116	0	2005	\N	22
tt10919898	tvEpisode	Episode dated 21 May 2013	Episode dated 21 May 2013	0	2013	\N	\N
tt11006738	tvEpisode	Episode dated 21 April 2009	Episode dated 21 April 2009	0	2009	\N	\N
tt11014934	tvEpisode	Episode #1.15	Episode #1.15	0	2013	\N	\N
tt11016546	tvEpisode	Jeren uusi elämä	Jeren uusi elämä	0	2019	\N	60
tt11035538	tvEpisode	Episode #1.63	Episode #1.63	0	\N	\N	\N
tt1103661	tvEpisode	Episode #1.12	Episode #1.12	0	\N	\N	\N
tt11047872	tvEpisode	Episode #1.326	Episode #1.326	0	2018	\N	\N
tt1104814	movie	Coffin Rock	Coffin Rock	0	2009	\N	92
tt11123436	tvEpisode	Episode #1.226	Episode #1.226	0	2008	\N	\N
tt11139230	tvEpisode	Episode #1.533	Episode #1.533	0	\N	\N	\N
tt11145734	tvEpisode	Episode #1.1204	Episode #1.1204	0	2017	\N	\N
tt11168606	tvEpisode	Episode #1.820	Episode #1.820	0	\N	\N	30
tt11211296	tvEpisode	Episode #1.478	Episode #1.478	0	\N	\N	\N
tt11218428	movie	Korporacija	Korporacija	0	2019	\N	90
tt11221590	tvEpisode	Episode #1.181	Episode #1.181	0	\N	\N	\N
tt11268312	tvEpisode	Episode #9.33	Episode #9.33	0	2017	\N	\N
tt11277530	tvEpisode	Episode #1.55	Episode #1.55	0	2018	\N	\N
tt11307570	tvEpisode	Episode #1.1627	Episode #1.1627	0	\N	\N	\N
tt11308488	tvEpisode	Episode #1.183	Episode #1.183	0	2018	\N	\N
tt11309460	tvEpisode	Episode #1.835	Episode #1.835	0	\N	\N	\N
tt11315594	tvEpisode	Episode #1.9	Episode #1.9	0	2011	\N	\N
tt11317654	movie	Dawn of War	O2	0	2020	\N	100
tt11324422	tvEpisode	Episode #1.38	Episode #1.38	0	2011	\N	\N
tt11327514	movie	Uncle Frank	Uncle Frank	0	2020	\N	95
tt11338926	tvEpisode	Episode #3.346	Episode #3.346	0	\N	\N	\N
tt1135649	tvEpisode	Episode #1.45	Episode #1.45	0	2004	\N	60
tt11386224	tvEpisode	Episode #1.147	Episode #1.147	0	\N	\N	\N
tt11409718	tvEpisode	Poland	Poland	0	2019	\N	\N
tt11419438	tvEpisode	Episode #1.12	Episode #1.12	0	2017	\N	\N
tt1142952	tvEpisode	People Celebrity Week 3	People Celebrity Week 3	0	2007	\N	\N
tt11448536	tvEpisode	Episode #3.228	Episode #3.228	0	2019	\N	60
tt11450414	tvEpisode	Episode #1.664	Episode #1.664	0	\N	\N	30
tt11477022	tvEpisode	Episode #1.19	Episode #1.19	0	\N	\N	\N
tt11479340	tvEpisode	Episode #1.261	Episode #1.261	0	2016	\N	\N
tt11479774	tvEpisode	Episode #1.30	Episode #1.30	0	1999	\N	\N
tt11480682	tvEpisode	Episode #1.3016	Episode #1.3016	0	2019	\N	\N
tt11482832	tvEpisode	Episode dated 10 December 2019	Episode dated 10 December 2019	0	2019	\N	\N
tt11485300	video	Naka dashi Santa 2019	Naka dashi Santa 2019	1	2019	\N	61
tt11491940	tvEpisode	Episode #32.10	Episode #32.10	0	2019	\N	\N
tt11501054	tvEpisode	Episode #1.206	Episode #1.206	0	\N	\N	\N
tt11519678	tvEpisode	Episode dated 13 November 2016	Episode dated 13 November 2016	0	2016	\N	\N
tt11534594	tvEpisode	Episode dated 7 February 2011	Episode dated 7 February 2011	0	2011	\N	\N
tt11563640	tvEpisode	Episode dated 7 January 2020	Episode dated 7 January 2020	0	2020	\N	\N
tt1158203	tvEpisode	Episode #1.2	Episode #1.2	0	1990	\N	\N
tt1160496	video	Boobaholics Anonymous 3	Boobaholics Anonymous 3	1	2007	\N	\N
tt11649302	tvEpisode	Episode #1.94	Episode #1.94	0	2019	\N	\N
tt11675832	tvEpisode	Episode #66.58	Episode #66.58	0	2020	\N	\N
tt11688164	tvEpisode	Episode #27.141	Episode #27.141	0	2019	\N	\N
tt11695498	tvEpisode	Episode #1.1756	Episode #1.1756	0	1993	\N	\N
tt11734528	tvEpisode	Episode #3.78	Episode #3.78	0	\N	\N	\N
tt11747434	tvEpisode	Episode #1.11	Episode #1.11	0	\N	\N	23
tt11761798	tvEpisode	Episode #1.79	Episode #1.79	0	2017	\N	\N
tt11766400	tvEpisode	Episode #4.166	Episode #4.166	0	2013	\N	\N
tt11767676	tvEpisode	Episode #15.11	Episode #15.11	0	2013	\N	\N
tt11794410	tvEpisode	Episode #1.428	Episode #1.428	0	\N	\N	23
tt1181216	tvEpisode	Episode dated 29 January 2008	Episode dated 29 January 2008	0	2008	\N	\N
tt11817944	tvEpisode	Episode #7.7	Episode #7.7	0	2006	\N	\N
tt11825458	tvEpisode	Episode #1.1328	Episode #1.1328	0	\N	\N	\N
tt11833162	tvEpisode	Episode #1.13	Episode #1.13	0	2020	\N	\N
tt11851422	tvEpisode	Episode #1.5130	Episode #1.5130	0	1993	\N	\N
tt11903570	tvEpisode	Episode #1.175	Episode #1.175	0	\N	\N	30
tt11903688	tvEpisode	Episode #14.118	Episode #14.118	0	\N	\N	\N
tt11903700	tvEpisode	Episode #1.102	Episode #1.102	0	\N	\N	\N
tt1192654	tvEpisode	Episode #1.15	Episode #1.15	0	2006	\N	\N
tt11928180	tvEpisode	Episode #8.151	Episode #8.151	0	2020	\N	19
tt11938052	tvEpisode	Episode #1.799	Episode #1.799	0	\N	\N	\N
tt11948722	tvEpisode	Episode #1.1148	Episode #1.1148	0	\N	\N	\N
tt11993120	tvEpisode	Episode #1.1296	Episode #1.1296	0	\N	\N	22
tt12052500	tvEpisode	Episode #22.11	Episode #22.11	0	\N	\N	\N
tt1205862	tvEpisode	Episode dated 14 March 2008	Episode dated 14 March 2008	0	2008	\N	\N
tt1208180	tvEpisode	Going Ape	Going Ape	0	1986	\N	23
tt12097812	tvEpisode	Episode #1.916	Episode #1.916	0	\N	\N	\N
tt12114106	tvEpisode	Episode #3.33	Episode #3.33	0	\N	\N	\N
tt12145198	tvEpisode	Episode #2.44	Episode #2.44	0	1953	\N	\N
tt1215791	tvEpisode	Episode #1.6	Episode #1.6	0	1995	\N	\N
tt12162614	tvEpisode	Episode #1.41	Episode #1.41	0	\N	\N	\N
tt12167680	tvEpisode	Episode #1.108	Episode #1.108	0	2020	\N	\N
tt12185676	tvEpisode	Episode #1.10	Episode #1.10	0	\N	\N	\N
tt1220214	movie	Heartless	Heartless	0	2009	\N	114
tt12208154	tvEpisode	Episode #1.1232	Episode #1.1232	0	\N	\N	\N
tt12244308	tvEpisode	Episode #1.1650	Episode #1.1650	0	2013	\N	\N
tt12253310	tvEpisode	Episode #1.502	Episode #1.502	0	\N	\N	\N
tt1227403	tvEpisode	Episode #2.3	Episode #2.3	0	2008	\N	\N
tt12301068	tvEpisode	Episode #1.2120	Episode #1.2120	0	\N	\N	\N
tt12315772	tvEpisode	Episode #1.363	Episode #1.363	0	\N	\N	\N
tt12329366	tvEpisode	Episode #2.58	Episode #2.58	0	1999	\N	\N
tt12355050	tvEpisode	Episode #1.59	Episode #1.59	0	\N	\N	\N
tt12370626	tvEpisode	Episode #9.56	Episode #9.56	0	\N	\N	22
tt12376172	tvEpisode	Episode #1.498	Episode #1.498	0	\N	\N	\N
tt12389846	short	The Stereoscope	The Stereoscope	0	2020	\N	\N
tt12403268	tvEpisode	Episode #1.24	Episode #1.24	0	2019	\N	\N
tt12404534	tvEpisode	Episode #1.14	Episode #1.14	0	2018	\N	\N
tt12411108	tvEpisode	Episode #1.3	Episode #1.3	0	1979	\N	\N
tt12412470	tvEpisode	Episode #3.62	Episode #3.62	0	\N	\N	\N
tt12430108	tvEpisode	Episode #13.183	Episode #13.183	0	\N	\N	22
tt12462560	tvEpisode	Episode #1.1087	Episode #1.1087	0	\N	\N	15
tt12470532	tvEpisode	Episode #6.17	Episode #6.17	0	\N	\N	\N
tt12507052	tvEpisode	Episode #1.254	Episode #1.254	0	2014	\N	\N
tt12525718	short	Mallification	Mallification	0	2019	\N	6
tt12534476	tvEpisode	Episode #1.348	Episode #1.348	0	\N	\N	\N
tt12562594	tvEpisode	Episode #1.435	Episode #1.435	0	\N	\N	\N
tt12578108	tvEpisode	Episode #1.1	Episode #1.1	0	2017	\N	\N
tt12590964	tvEpisode	Episode dated 18 June 2020	Episode dated 18 June 2020	0	2020	\N	\N
tt12595796	tvEpisode	Episode #1.272	Episode #1.272	0	2020	\N	\N
tt12610408	tvEpisode	Episode dated 20 August 2019	Episode dated 20 August 2019	0	2019	\N	\N
tt12613194	tvEpisode	Episode #1.1186	Episode #1.1186	0	\N	\N	\N
tt12634270	tvMovie	Irgendwann einmal	Irgendwann einmal	0	1973	\N	43
tt1267743	tvEpisode	Episode dated 26 July 2008	Episode dated 26 July 2008	0	2008	\N	\N
tt12710716	tvEpisode	Episode #1.758	Episode #1.758	0	\N	\N	\N
tt12717670	tvEpisode	Episode dated 1 January 2020	Episode dated 1 January 2020	0	2020	\N	\N
tt12724374	tvEpisode	Episode #1.15	Episode #1.15	0	2005	\N	47
tt1272722	tvEpisode	Episode #1.29	Episode #1.29	0	2007	\N	\N
tt12730076	movie	Vodou Legend	Vodou Legend	0	\N	\N	\N
tt12753538	tvEpisode	Episode #10.107	Episode #10.107	0	2020	\N	60
tt12791076	tvEpisode	Episode #1.228	Episode #1.228	0	\N	\N	\N
tt12807640	tvEpisode	Episode #1.144	Episode #1.144	0	\N	\N	\N
tt12822258	tvEpisode	Episode #1.3714	Episode #1.3714	0	\N	\N	\N
tt12822798	tvEpisode	Episode #1.443	Episode #1.443	0	\N	\N	\N
tt1282485	short	The Tale of a Coat	The Tale of a Coat	0	1905	\N	\N
tt12860486	tvEpisode	Episode #1.8	Episode #1.8	0	2020	\N	\N
tt12909894	tvEpisode	Episode #1.4	Episode #1.4	0	2001	\N	\N
tt12926310	tvEpisode	Episode #1.1264	Episode #1.1264	0	\N	\N	15
tt1293222	tvEpisode	Episode #1.9910	Episode #1.9910	0	2008	\N	\N
tt12949368	tvEpisode	Episode #1.2361	Episode #1.2361	0	1982	\N	44
tt12953246	tvEpisode	Episode #1.17	Episode #1.17	0	\N	\N	\N
tt12969738	tvEpisode	Episode #7.48	Episode #7.48	0	2015	\N	\N
tt12972546	tvEpisode	Episode #1.122	Episode #1.122	0	\N	\N	\N
tt12973118	tvEpisode	Episode #1.49	Episode #1.49	0	\N	\N	\N
tt12989082	tvEpisode	Episode #15.8	Episode #15.8	0	\N	\N	\N
tt13013496	tvEpisode	Episode #4.39	Episode #4.39	0	\N	\N	\N
tt13039804	tvEpisode	Episode #8.72	Episode #8.72	0	2016	\N	\N
tt13076782	tvEpisode	Episode #1.145	Episode #1.145	0	\N	\N	\N
tt13105172	tvEpisode	La Puerta Negra	La Puerta Negra	0	2020	\N	\N
tt13146724	tvEpisode	Episode #1.639	Episode #1.639	0	\N	\N	\N
tt13165642	tvEpisode	Episode #7.51	Episode #7.51	0	\N	\N	\N
tt13170298	tvEpisode	Episode #6.40	Episode #6.40	0	1978	\N	\N
tt13231850	tvEpisode	Episode #1.3528	Episode #1.3528	0	\N	\N	48
tt13245588	tvEpisode	Episode #1.433	Episode #1.433	0	\N	\N	44
tt1324793	tvEpisode	Episode #32.1	Episode #32.1	0	2004	\N	\N
tt13259794	movie	Primal	Primal	0	2020	\N	85
tt13280430	short	Sand	Sand	0	2020	\N	3
tt13282408	tvEpisode	Episode #2.11	Episode #2.11	0	2021	\N	\N
tt13291566	tvEpisode	Episode #9.55	Episode #9.55	0	\N	\N	\N
tt13301552	tvEpisode	Episode #5.188	Episode #5.188	0	\N	\N	\N
tt13345624	tvEpisode	Episode #49.1	Episode #49.1	0	2020	\N	\N
tt13373242	tvEpisode	Episode #4.83	Episode #4.83	0	\N	\N	\N
tt13375278	short	Tough Love	Tough Love	0	2020	\N	\N
tt1339724	tvEpisode	Episode #6.8	Episode #6.8	0	1994	\N	\N
tt13405980	tvEpisode	Episode dated 29 November 2020	Episode dated 29 November 2020	0	2020	\N	\N
tt13428502	tvEpisode	Episode #1.15	Episode #1.15	0	2019	\N	\N
tt13444106	tvEpisode	Episode #1.17	Episode #1.17	0	1991	\N	\N
tt13467826	tvEpisode	Episode #10.195	Episode #10.195	0	\N	\N	\N
tt13475040	tvEpisode	Episode #1.1260	Episode #1.1260	0	\N	\N	60
tt13500442	tvEpisode	Episode #1.383	Episode #1.383	0	\N	\N	\N
tt13518240	tvEpisode	Episode #1.2250	Episode #1.2250	0	\N	\N	60
tt13519242	tvEpisode	Episode #1.590	Episode #1.590	0	\N	\N	60
tt13527162	tvEpisode	Episode #1.1497	Episode #1.1497	0	\N	\N	\N
tt13529008	tvEpisode	Episode #2.1	Episode #2.1	0	2021	\N	51
tt13531430	video	Desires	Desires	1	2013	\N	117
tt13538698	tvEpisode	Episode #1.2353	Episode #1.2353	0	\N	\N	\N
tt13546810	tvEpisode	Episode #1.239	Episode #1.239	0	\N	\N	\N
tt13548788	tvEpisode	Episode #1.1356	Episode #1.1356	0	\N	\N	\N
tt13562588	tvEpisode	Episode #1.5	Episode #1.5	0	2020	\N	\N
tt13578912	tvEpisode	Episode #1.5039	Episode #1.5039	0	\N	\N	60
tt13583118	videoGame	Virtua Tennis 3	Sega Professional Tennis: Power Smash 3	0	2006	\N	\N
tt13583402	movie	Taraz	Taraz	0	1988	\N	70
tt13588544	tvEpisode	Episode #1.8715	Episode #1.8715	0	2000	\N	\N
tt13601996	tvEpisode	Episode #1.175	Episode #1.175	0	\N	\N	\N
tt13627112	tvEpisode	Episode dated 9 December 2020	Episode dated 9 December 2020	0	2020	\N	\N
tt13647920	tvEpisode	Episode #1.357	Episode #1.357	0	\N	\N	\N
tt13658744	tvEpisode	Episode #11.100	Episode #11.100	0	\N	\N	\N
tt13663336	tvEpisode	Episode #1.90	Episode #1.90	0	\N	\N	\N
tt13687204	tvEpisode	Episode #1.259	Episode #1.259	0	\N	\N	\N
tt13712442	tvEpisode	Episode #1.1292	Episode #1.1292	0	\N	\N	\N
tt13730868	tvEpisode	Episode #3.114	Episode #3.114	0	\N	\N	\N
tt1375039	tvEpisode	Episode #1.18	Episode #1.18	0	1985	\N	\N
tt13755346	tvEpisode	Episode #1.72	Episode #1.72	0	\N	\N	20
tt13755484	tvEpisode	Episode #1.309	Episode #1.309	0	\N	\N	\N
tt13769270	tvEpisode	Episode #1.757	Episode #1.757	0	\N	\N	\N
tt13777200	tvEpisode	Episode #1.156	Episode #1.156	0	\N	\N	\N
tt1377906	tvEpisode	Episode #1.2	Episode #1.2	0	2001	\N	60
tt13785082	tvEpisode	Episode #4.137	Episode #4.137	0	\N	\N	\N
tt13787726	short	Only Fantasy - Part 1	Only Fantasy - Part 1	0	2021	\N	6
tt13800822	tvEpisode	Episode dated 10 October 2013	Episode dated 10 October 2013	0	2013	\N	\N
tt13802658	short	What Would Sophia Loren Do?	What Would Sophia Loren Do?	0	2021	\N	32
tt13805506	tvEpisode	Episode #8.52	Episode #8.52	0	\N	\N	\N
tt13815742	tvEpisode	Episode #1.437	Episode #1.437	0	\N	\N	\N
tt13826368	tvEpisode	Episode #5.42	Episode #5.42	0	2018	\N	\N
tt13883140	tvEpisode	Episode #1.2	Episode #1.2	0	\N	\N	\N
tt13894738	tvEpisode	Episode #1.453	Episode #1.453	0	2010	\N	\N
tt13947440	tvEpisode	Episode #1.3157	Episode #1.3157	0	2021	\N	\N
tt13952706	tvEpisode	Episode #1.111	Episode #1.111	0	\N	\N	\N
tt13953628	tvEpisode	Episode #1.213	Episode #1.213	0	\N	\N	\N
tt13965854	tvEpisode	Episode #1.1396	Episode #1.1396	0	\N	\N	\N
tt13967704	tvEpisode	Episode dated 1 February 2021	Episode dated 1 February 2021	0	2021	\N	\N
tt13988978	tvEpisode	Episode #1.4420	Episode #1.4420	0	\N	\N	60
tt14019766	tvEpisode	Episode #1.2253	Episode #1.2253	0	\N	\N	\N
tt1405894	tvEpisode	Episode dated 22 March 2009	Episode dated 22 March 2009	0	2009	\N	\N
tt14084330	tvEpisode	Episode #3.4	Episode #3.4	0	2021	\N	30
tt1414984	tvEpisode	Episode dated 1 October 1969	Episode dated 1 October 1969	0	1969	\N	\N
tt14197590	tvEpisode	Episode #1.2566	Episode #1.2566	0	\N	\N	\N
tt14263586	tvEpisode	Episode dated 26 June 2016	Episode dated 26 June 2016	0	2016	\N	\N
tt14313896	tvEpisode	Episode #1.1235	Episode #1.1235	0	\N	\N	22
tt14331284	tvEpisode	Episode #3.135	Episode #3.135	0	2016	\N	\N
tt14352612	tvEpisode	Episode #1.146	Episode #1.146	0	\N	\N	\N
tt14381808	tvEpisode	Episode #1.452	Episode #1.452	0	\N	\N	\N
tt14387314	tvEpisode	Episode #1.121	Episode #1.121	0	\N	\N	\N
tt14388250	tvEpisode	Episode #1.193	Episode #1.193	0	\N	\N	\N
tt14407056	tvEpisode	Episode #1.433	Episode #1.433	0	\N	\N	\N
tt1442163	tvEpisode	Episode #1.1841	Episode #1.1841	0	2005	\N	\N
tt14485310	tvEpisode	Episode dated 19 April 2021	Episode dated 19 April 2021	0	2021	\N	\N
tt14527942	tvEpisode	Episode #4.34	Episode #4.34	0	1983	\N	\N
tt14553290	tvEpisode	Episode #1.151	Episode #1.151	0	\N	\N	\N
tt14566682	tvEpisode	Episode #1.545	Episode #1.545	0	\N	\N	\N
tt14574252	tvEpisode	Episode #1.4	Episode #1.4	0	2006	\N	\N
tt14574984	tvEpisode	Episode #1.482	Episode #1.482	0	\N	\N	\N
tt14617520	tvSpecial	BFC Championships	BFC Championships	0	2017	\N	\N
tt14647428	tvEpisode	Episode #1.10	Episode #1.10	0	2017	\N	\N
tt14672074	tvEpisode	Episode #1.283	Episode #1.283	0	\N	\N	\N
tt14688868	tvEpisode	Episode #1.71	Episode #1.71	0	\N	\N	\N
tt14714112	tvEpisode	Episode #10.45	Episode #10.45	0	2020	\N	30
tt14717518	tvEpisode	Episode #1.61	Episode #1.61	0	\N	\N	\N
tt14718464	tvEpisode	Episode #1.661	Episode #1.661	0	\N	\N	\N
tt14744946	tvEpisode	Episode #1.138	Episode #1.138	0	\N	\N	\N
tt14777456	tvEpisode	Episode #1.281	Episode #1.281	0	\N	\N	\N
tt14781842	tvEpisode	Episode #1.28	Episode #1.28	0	\N	\N	\N
tt1478365	short	Familiar Fruit	Familiar Fruit	0	2003	\N	5
tt14795124	tvEpisode	Episode #1.238	Episode #1.238	0	\N	\N	\N
tt14795628	tvEpisode	Episode #1.128	Episode #1.128	0	\N	\N	\N
tt14817616	tvEpisode	Episode #1.6	Episode #1.6	0	\N	\N	\N
tt14821774	tvEpisode	Episode #1.32	Episode #1.32	0	\N	\N	\N
tt14857882	movie	Through Her Eyes	Through Her Eyes	0	2021	\N	\N
tt14862390	tvEpisode	Episode #1.200	Episode #1.200	0	\N	\N	\N
tt1486279	tvEpisode	Episode #1.4078	Episode #1.4078	0	2009	\N	\N
tt14867108	tvEpisode	Sekizô ga ugoita! Osette kuru...	Sekizô ga ugoita! Osette kuru...	0	1986	\N	\N
tt14868464	tvEpisode	Episode #1.114	Episode #1.114	0	\N	\N	\N
tt14878338	tvEpisode	Episode #1.866	Episode #1.866	0	\N	\N	\N
tt14881064	tvEpisode	Episode #1.110	Episode #1.110	0	\N	\N	\N
tt14896816	tvEpisode	Episode dated 20 September 1987	Episode dated 20 September 1987	0	1987	\N	\N
tt14900044	tvEpisode	Episode dated 9 April 2014	Episode dated 9 April 2014	0	2014	\N	\N
tt14912268	tvEpisode	Episode #1.1357	Episode #1.1357	0	\N	\N	\N
tt14913068	short	Becky Strikes Out	Becky Strikes Out	0	1920	\N	\N
tt14924402	short	Traces	Traces	0	2021	\N	\N
tt14932260	tvEpisode	Episode #1.263	Episode #1.263	0	\N	\N	\N
tt14941164	tvEpisode	Episode dated 15 June 2006	Episode dated 15 June 2006	0	2006	\N	\N
tt14947852	short	Case of the Guitar	Case of the Guitar	0	2021	\N	\N
tt1496111	tvEpisode	Episode dated 23 July 2003	Episode dated 23 July 2003	0	2003	\N	\N
tt1496950	tvEpisode	Episode #1.2	Episode #1.2	0	2007	\N	\N
tt14977878	tvEpisode	Episode #1.136	Episode #1.136	0	\N	\N	\N
tt14997054	tvEpisode	Episode #1.295	Episode #1.295	0	\N	\N	\N
tt15038332	tvEpisode	Episode #2.2	Episode #2.2	0	2012	\N	\N
tt15045974	tvEpisode	Episode #1.1594	Episode #1.1594	0	\N	\N	\N
tt15062620	tvEpisode	Episode dated 3 June 2020	Episode dated 3 June 2020	0	2020	\N	\N
tt15075392	tvEpisode	Episode #1.507	Episode #1.507	0	\N	\N	\N
tt15079764	tvEpisode	Episode #3.101	Episode #3.101	0	2021	\N	30
tt15081666	tvEpisode	Episode #1.5	Episode #1.5	0	\N	\N	\N
tt1510199	tvEpisode	Episode #1.1	Episode #1.1	0	2009	\N	\N
tt15111610	tvEpisode	Episode #1.3556	Episode #1.3556	0	\N	\N	\N
tt15116138	tvEpisode	Episode dated 1 August 2021	Episode dated 1 August 2021	0	2021	\N	\N
tt1512027	tvEpisode	Episode #1.3	Episode #1.3	0	1969	\N	\N
tt15136786	tvEpisode	Episode #1.405	Episode #1.405	0	\N	\N	\N
tt15141866	tvEpisode	Episode #1.68	Episode #1.68	0	\N	\N	\N
tt1515163	short	The Guitar Case	The Guitar Case	0	2009	\N	18
tt15177072	tvEpisode	Episode #1.103	Episode #1.103	0	\N	\N	\N
tt15178916	tvEpisode	Episode #1.558	Episode #1.558	0	\N	\N	\N
tt15192808	tvEpisode	Episode #13.8	Episode #13.8	0	1984	\N	\N
tt15201774	tvEpisode	Episode #1.275	Episode #1.275	0	\N	\N	\N
tt1521257	tvEpisode	Episode #1.1	Episode #1.1	0	2006	\N	\N
tt15232628	tvEpisode	Episode #1.82	Episode #1.82	0	2021	\N	\N
tt15242156	tvEpisode	Episode #1.128	Episode #1.128	0	\N	\N	\N
tt15246520	tvEpisode	Episode #1.314	Episode #1.314	0	\N	\N	\N
tt1524988	tvEpisode	Episode dated 19 June 1986	Episode dated 19 June 1986	0	1986	\N	\N
tt15260626	tvEpisode	Episode #1.302	Episode #1.302	0	\N	\N	\N
tt15264936	tvEpisode	Episode #4.32	Episode #4.32	0	\N	\N	\N
tt15287942	tvEpisode	Episode #1.18	Episode #1.18	0	2021	\N	\N
tt15291788	tvEpisode	Episode #1.82	Episode #1.82	0	\N	\N	\N
tt15297046	tvEpisode	Episode #1.1484	Episode #1.1484	0	\N	\N	\N
tt15303080	tvEpisode	Episode #5.2	Episode #5.2	0	2017	\N	\N
tt15305438	tvEpisode	Episode dated 15 November 2004	Episode dated 15 November 2004	0	2004	\N	\N
tt15316882	tvEpisode	Episode #1.153	Episode #1.153	0	\N	\N	\N
tt15326254	short	The Moscow Pilgrims	The Moscow Pilgrims	0	1995	\N	22
tt1533526	tvEpisode	Episode #6.17	Episode #6.17	0	2009	\N	\N
tt15347756	tvEpisode	Episode #6.118	Episode #6.118	0	1988	\N	\N
tt15348386	tvEpisode	Episode #2.31	Episode #2.31	0	1969	\N	\N
tt15356366	tvEpisode	Episode #1.202	Episode #1.202	0	\N	\N	\N
tt15374724	tvEpisode	Episode #1.2	Episode #1.2	0	2021	\N	\N
tt15384406	tvEpisode	Episode dated 10 January 2021	Episode dated 10 January 2021	0	2021	\N	\N
tt1539939	tvEpisode	Episode #3.1	Episode #3.1	0	1985	\N	\N
tt15409932	tvEpisode	Episode dated 18 January 2011	Episode dated 18 January 2011	0	2011	\N	\N
tt15412126	tvEpisode	Episode #1.105	Episode #1.105	0	\N	\N	\N
tt15421498	tvEpisode	Episode dated 16 September 2021	Episode dated 16 September 2021	0	2021	\N	\N
tt15422410	tvEpisode	Episode dated 14 September 2021	Episode dated 14 September 2021	0	2021	\N	\N
tt15464958	short	The Royale	The Royale	0	2021	\N	\N
tt15488874	tvEpisode	Episode #9.47	Episode #9.47	0	2015	\N	\N
tt1549744	movie	C Level	C Level	0	2009	\N	\N
tt15504102	tvEpisode	Episode #1.1602	Episode #1.1602	0	\N	\N	\N
tt15530926	tvEpisode	Episode #1.1472	Episode #1.1472	0	\N	\N	22
tt15535862	tvEpisode	Episode #19.5	Episode #19.5	0	2008	\N	\N
tt15566744	tvMovie	The Good Father: The Martin MacNeill Story	The Good Father: The Martin MacNeill Story	0	2021	\N	87
tt1557553	movie	Deadly Honour	Deadly Honour	0	2009	\N	58
tt15598998	tvEpisode	Episode #8.8	Episode #8.8	0	2015	\N	\N
tt1560337	tvEpisode	Episode #1.6	Episode #1.6	0	2008	\N	\N
tt15689654	tvEpisode	Episode #1.456	Episode #1.456	0	\N	\N	\N
tt15694836	tvEpisode	Episode #1.2907	Episode #1.2907	0	\N	\N	30
tt15700970	tvEpisode	Episode dated 13 October 2021	Episode dated 13 October 2021	0	2021	\N	\N
tt15705550	tvEpisode	Episode #1.1246	Episode #1.1246	0	\N	\N	30
tt15713238	tvEpisode	Episode #1.929	Episode #1.929	0	\N	\N	\N
tt15725170	tvEpisode	Episode #1.903	Episode #1.903	0	\N	\N	\N
tt15725350	tvEpisode	Episode #1.3504	Episode #1.3504	0	2021	\N	22
tt15732528	tvEpisode	Episode dated 19 October 2021	Episode dated 19 October 2021	0	2021	\N	\N
tt15747862	tvEpisode	Episode #5.29	Episode #5.29	0	\N	\N	\N
tt15757048	tvEpisode	Episode #5.54	Episode #5.54	0	\N	\N	\N
tt15770762	tvEpisode	Episode #1.1680	Episode #1.1680	0	\N	\N	\N
tt15775614	tvEpisode	Episode #1.1245	Episode #1.1245	0	2019	\N	\N
tt15776030	tvEpisode	Episode #1.1506	Episode #1.1506	0	2020	\N	\N
tt15791630	tvSeries	The Kardashians	The Kardashians	0	2022	\N	50
tt15805616	tvEpisode	Episode #16.103	Episode #16.103	0	\N	\N	\N
tt15805806	tvEpisode	Episode #1.1558	Episode #1.1558	0	\N	\N	60
tt15820120	video	Countdown: Hairekakia	Countdown: Hairekakia	0	2020	\N	4
tt15888032	tvEpisode	5. sep. 2017 kl. 18:45	5. sep. 2017 kl. 18:45	0	2017	\N	\N
tt15950594	tvEpisode	Episode #1.12	Episode #1.12	0	2021	\N	7
tt16001180	tvEpisode	Episode #1.1819	Episode #1.1819	0	\N	\N	\N
tt1602662	tvEpisode	Episode #1.63	Episode #1.63	0	2010	\N	\N
tt16089560	tvEpisode	Episode #1.7647	Episode #1.7647	0	\N	\N	60
tt16115612	tvEpisode	Episode #1.130	Episode #1.130	0	\N	\N	\N
tt1616263	tvEpisode	Episode #1.17	Episode #1.17	0	1959	\N	\N
tt16200902	tvEpisode	Episode dated 18 October 2018	Episode dated 18 October 2018	0	2018	\N	\N
tt16245010	tvEpisode	Episode dated 27 May 1987	Episode dated 27 May 1987	0	1987	\N	\N
tt16274696	tvEpisode	Episode #1.6	Episode #1.6	0	2021	\N	\N
tt16274850	tvEpisode	Episode #1.4	Episode #1.4	0	1991	\N	\N
tt16293246	tvEpisode	Episode #1.373	Episode #1.373	0	\N	\N	\N
tt16302314	tvEpisode	Episode #1.246	Episode #1.246	0	2018	\N	\N
tt16307124	tvEpisode	Episode #1.84	Episode #1.84	0	2021	\N	\N
tt1630835	tvEpisode	Episode #1.9	Episode #1.9	0	2010	\N	\N
tt1653343	tvEpisode	Episode dated 29 April 1992	Episode dated 29 April 1992	0	1992	\N	\N
tt1655859	tvEpisode	Episode dated 21 May 1999	Episode dated 21 May 1999	0	1999	\N	\N
tt1660273	tvEpisode	Episode #1.11	Episode #1.11	0	2006	\N	\N
tt1669096	short	Cheating the Piper	Cheating the Piper	0	1920	\N	4
tt16747572	movie	The Silence of Swastika	The Silence of Swastika	0	2021	\N	56
tt16766252	tvEpisode	Episode #3.13	Episode #3.13	0	2010	\N	\N
tt1679332	movie	Ultramarines: A Warhammer 40,000 Movie	Ultramarines: A Warhammer 40,000 Movie	0	2010	\N	70
tt1680387	tvEpisode	Episode #27.155	Episode #27.155	0	1999	\N	\N
tt16807068	tvEpisode	Episode #20.96	Episode #20.96	0	2022	\N	\N
tt16938832	tvEpisode	Episode #1.467	Episode #1.467	0	\N	\N	\N
tt16965484	tvEpisode	Episode #1.2832	Episode #1.2832	0	\N	\N	\N
tt16966502	tvEpisode	Episode #1.484	Episode #1.484	0	\N	\N	\N
tt16967408	tvEpisode	Episode #1.6143	Episode #1.6143	0	\N	\N	\N
tt16980100	tvEpisode	Episode #1.3797	Episode #1.3797	0	\N	\N	\N
tt16980592	tvEpisode	Episode #1.2876	Episode #1.2876	0	\N	\N	\N
tt1698568	short	Ta tvoja ruka mala	Ta tvoja ruka mala	0	2009	\N	20
tt17013390	tvEpisode	Episode #1.5779	Episode #1.5779	0	\N	\N	\N
tt17030826	movie	The American Dream and Other Fairy Tales	The American Dream and Other Fairy Tales	0	2022	\N	87
tt17054922	tvEpisode	Episode #1.6087	Episode #1.6087	0	\N	\N	\N
tt1708359	tvEpisode	Episode #18.39	Episode #18.39	0	2010	\N	86
tt1709377	tvEpisode	Episode dated 21 July 2010	Episode dated 21 July 2010	0	2010	\N	\N
tt17164656	tvEpisode	Episode #1.5385	Episode #1.5385	0	\N	\N	\N
tt1718158	movie	Generation Um...	Generation Um...	0	2012	\N	97
tt17351842	tvEpisode	Episode #1.6926	Episode #1.6926	0	\N	\N	\N
tt1736710	tvEpisode	Episode dated 2 October 2010	Episode dated 2 October 2010	0	2010	\N	\N
tt17375636	tvEpisode	Episode #1.7338	Episode #1.7338	0	\N	\N	\N
tt1745683	tvMovie	Die Gefangenen von Murano	Die Gefangenen von Murano	0	1966	\N	70
tt17499042	tvEpisode	Episode #1.201	Episode #1.201	0	2013	\N	\N
tt17520068	tvEpisode	Episode #3.89	Episode #3.89	0	2022	\N	\N
tt1752808	tvEpisode	Episode #2.12	Episode #2.12	0	2010	\N	\N
tt1761951	tvEpisode	Episode #7.29	Episode #7.29	0	2010	\N	\N
tt1763141	tvEpisode	Episode dated 29 March 1995	Episode dated 29 March 1995	0	1995	\N	\N
tt17716470	tvEpisode	Episode #1.332	Episode #1.332	0	\N	\N	\N
tt1776207	tvMovie	Journey of Life	Im Fluss des Lebens	0	2011	\N	88
tt1782278	tvEpisode	Episode #1.4	Episode #1.4	0	2002	\N	69
tt1786700	short	The Flirto-Maniac	The Flirto-Maniac	0	1910	\N	\N
tt1787038	tvEpisode	Episode dated 1 December 2010	Episode dated 1 December 2010	0	2010	\N	\N
tt17941184	tvEpisode	Episode dated 7 February 2022	Episode dated 7 February 2022	0	2022	\N	\N
tt1801560	tvEpisode	Episode dated 16 August 1995	Episode dated 16 August 1995	0	1995	\N	\N
tt18238458	tvEpisode	Episode #1.352	Episode #1.352	0	\N	\N	\N
tt1824782	tvEpisode	Episode #1.13	Episode #1.13	0	2010	\N	24
tt18248500	tvEpisode	Episode #1.2995	Episode #1.2995	0	\N	\N	\N
tt18271708	tvEpisode	Episode #30.4	Episode #30.4	0	2019	\N	56
tt18281312	tvEpisode	Episode #1.264	Episode #1.264	0	2022	\N	\N
tt1828423	tvEpisode	Episode #3.5	Episode #3.5	0	1955	\N	\N
tt1830928	tvEpisode	Hollywood Round: Part 1	Hollywood Round: Part 1	0	2011	\N	\N
tt18312242	tvEpisode	Episode #2.34	Episode #2.34	0	2021	\N	\N
tt18314002	tvEpisode	Episode dated 15 February 2022	Episode dated 15 February 2022	0	2022	\N	\N
tt18350620	tvEpisode	Episode #1.178	Episode #1.178	0	2021	\N	\N
tt18552846	tvEpisode	Episode #1.2318	Episode #1.2318	0	\N	\N	\N
tt1856363	tvEpisode	Episode #1.1	Episode #1.1	0	1992	\N	60
tt1860091	tvEpisode	Episode #6.5	Episode #6.5	0	2011	\N	\N
tt1862165	tvEpisode	Episode #1.6	Episode #1.6	0	2002	\N	\N
tt1862561	tvEpisode	Episode dated 25 April 1992	Episode dated 25 April 1992	0	1992	\N	100
tt1865695	tvEpisode	Episode dated 8 October 2010	Episode dated 8 October 2010	0	2010	\N	\N
tt1868303	tvEpisode	Episode #1.1252	Episode #1.1252	0	1993	\N	\N
tt18692162	tvEpisode	Episode #1.742	Episode #1.742	0	\N	\N	\N
tt1872689	tvEpisode	The Wise Ones	The Wise Ones	0	2008	\N	\N
tt1882005	tvEpisode	Episode dated 4 February 2000	Episode dated 4 February 2000	0	2000	\N	\N
tt1891131	tvEpisode	Episode dated 1 April 2004	Episode dated 1 April 2004	0	2004	\N	\N
tt19044578	tvEpisode	Episode #1.797	Episode #1.797	0	\N	\N	\N
tt1915844	tvEpisode	Episode dated 31 December 1997	Episode dated 31 December 1997	0	1997	\N	\N
tt1916551	tvEpisode	Episode #1.85	Episode #1.85	0	2005	\N	15
tt19298134	tvEpisode	Episode #51.29	Episode #51.29	0	2022	\N	\N
tt1930844	tvEpisode	Episode #1.5294	Episode #1.5294	0	2011	\N	28
tt1931224	tvEpisode	Episode #15.89	Episode #15.89	0	2011	\N	105
tt19353094	tvEpisode	Episode #11.157	Episode #11.157	0	\N	\N	30
tt1938068	tvEpisode	Episode #1.231	Episode #1.231	0	1966	\N	30
tt19394612	tvEpisode	Episode #1.7759	Episode #1.7759	0	2022	\N	22
tt19413332	tvEpisode	Gabriel Versus Garote	Gabriel Versus Garote	0	2022	\N	23
tt19466126	tvEpisode	Episode #1.7339	Episode #1.7339	0	\N	\N	\N
tt19497116	tvEpisode	Episode #1.101	Episode #1.101	0	\N	\N	\N
tt1962274	tvEpisode	Episode dated 14 November 1999	Episode dated 14 November 1999	0	1999	\N	\N
tt1963384	tvEpisode	Episode dated 29 June 1998	Episode dated 29 June 1998	0	1998	\N	\N
tt19719146	movie	The Other Side	The Other Side	0	2022	\N	128
tt19753588	tvEpisode	Episode dated 15 April 2022	Episode dated 15 April 2022	0	2022	\N	\N
tt19758786	tvSeries	West Out of Yumen	West Out of Yumen	0	2023	\N	\N
tt1976922	tvEpisode	Episode #19.174	Episode #19.174	0	2011	\N	\N
tt1983531	tvEpisode	Episode dated 23 January 2002	Episode dated 23 January 2002	0	2002	\N	\N
tt1993802	tvEpisode	Episode dated 24 November 2000	Episode dated 24 November 2000	0	2000	\N	\N
tt1994832	tvEpisode	Episode #1.38	Episode #1.38	0	1984	\N	\N
tt2000727	tvEpisode	Episode dated 3 December 2000	Episode dated 3 December 2000	0	2000	\N	\N
tt20117182	tvEpisode	Episode dated 6 May 2022	Episode dated 6 May 2022	0	2022	\N	\N
tt2013336	tvEpisode	Episode dated 7 August 2011	Episode dated 7 August 2011	0	2011	\N	180
tt20231536	short	The Circadian Cycle	The Circadian Cycle	0	2020	\N	16
tt2041417	movie	Matt Ralston's Alaska	Matt Ralston's Alaska	0	2011	\N	57
tt2044846	short	Psychopathy	Psychopathy	0	2011	\N	3
tt20450302	tvEpisode	Episode #1.153	Episode #1.153	0	2021	\N	\N
tt2049823	tvEpisode	Episode dated 26 July 2004	Episode dated 26 July 2004	0	2004	\N	\N
tt2056011	tvEpisode	Episode dated 6 August 1996	Episode dated 6 August 1996	0	1996	\N	\N
tt20595660	tvEpisode	Episode dated 28 October 2015	Episode dated 28 October 2015	0	2015	\N	\N
tt20597042	tvEpisode	Episode #1.234	Episode #1.234	0	\N	\N	\N
tt2072473	tvEpisode	Episode dated 12 October 2011	Episode dated 12 October 2011	0	2011	\N	\N
tt2079506	movie	Frustrated	Frustrated	0	2011	\N	60
tt2085294	tvEpisode	Episode dated 24 October 2011	Episode dated 24 October 2011	0	2011	\N	\N
tt20896222	tvEpisode	Episode #1.5	Episode #1.5	0	2022	\N	\N
tt20899872	tvEpisode	Episode #6.48	Episode #6.48	0	2013	\N	\N
tt21028028	tvEpisode	Episode #1.564	Episode #1.564	0	2022	\N	\N
tt21031142	tvEpisode	Episode dated 1 July 2009	Episode dated 1 July 2009	0	2009	\N	\N
tt21062058	tvEpisode	Episode #1.125	Episode #1.125	0	2021	\N	\N
tt21081368	tvEpisode	Episode #1.100	Episode #1.100	0	1987	\N	\N
tt21140584	tvEpisode	Episode #1.11	Episode #1.11	0	2009	\N	\N
tt21158378	short	If Real Life Was Like the Movies	If Real Life Was Like the Movies	0	2015	\N	\N
tt21203926	tvEpisode	Episode dated 16 July 2022	Episode dated 16 July 2022	0	2022	\N	\N
tt21219350	tvEpisode	Episode #1.425	Episode #1.425	0	2022	\N	\N
tt21266396	tvEpisode	Episode #1.110	Episode #1.110	0	2022	\N	\N
tt21339784	tvEpisode	Episode dated 20 October 2011	Episode dated 20 October 2011	0	2011	\N	\N
tt21401640	tvEpisode	Episode dated 18 August 2015	Episode dated 18 August 2015	0	2015	\N	\N
tt2162713	movie	A Forest Is Swaying	Supun solleinda	0	1982	\N	84
tt21653408	tvEpisode	Episode #1.2	Episode #1.2	0	2022	\N	\N
tt21742102	tvEpisode	Episode #1.27	Episode #1.27	0	1973	\N	\N
tt2178577	tvEpisode	Episode dated 5 September 2011	Episode dated 5 September 2011	0	2011	\N	\N
tt21832624	tvEpisode	Episode #1.127	Episode #1.127	0	1974	\N	\N
tt21841490	tvEpisode	Episode dated 19 August 2022	Episode dated 19 August 2022	0	2022	\N	60
tt21859124	tvEpisode	Episode #1.51	Episode #1.51	0	2013	\N	\N
tt21890374	tvEpisode	Episode #1.3451	Episode #1.3451	0	\N	\N	\N
tt2191487	tvEpisode	Episode #3.265	Episode #3.265	0	1995	\N	\N
tt21918510	tvEpisode	Episode #5.239	Episode #5.239	0	2022	\N	\N
tt21918922	tvEpisode	Episode #1.370	Episode #1.370	0	2022	\N	\N
tt21999170	tvEpisode	Episode #1.287	Episode #1.287	0	\N	\N	\N
tt22001222	tvEpisode	Episode #1.98	Episode #1.98	0	2021	\N	\N
tt22018690	tvEpisode	Episode #1.807	Episode #1.807	0	\N	\N	\N
tt22027260	short	All Times One	Oloi oi hronoi enas	0	2007	\N	8
tt2213962	tvSeries	Go!azen	Go!azen	0	2009	\N	50
tt22173154	tvEpisode	Episode #1.700	Episode #1.700	0	\N	\N	\N
tt22191054	tvEpisode	Episode #1.221	Episode #1.221	0	\N	\N	\N
tt2232278	tvEpisode	Episode #11.185	Episode #11.185	0	1994	\N	\N
tt2233747	tvEpisode	Episode dated 1 November 1997	Episode dated 1 November 1997	0	1997	\N	\N
tt2238480	tvEpisode	Episode #5.4	Episode #5.4	0	2012	\N	54
tt22405522	tvEpisode	Episode #1.31	Episode #1.31	0	2020	\N	\N
tt22443846	tvEpisode	Episode #1.10	Episode #1.10	0	1994	\N	\N
tt2244874	short	Vanishing Act	Vanishing Act	0	2012	\N	14
tt22449656	tvEpisode	Episode #1.514	Episode #1.514	0	2022	\N	\N
tt22457658	tvEpisode	Episode dated 1 October 2022	Episode dated 1 October 2022	0	2022	\N	\N
tt2253231	tvEpisode	Episode dated 20 July 1994	Episode dated 20 July 1994	0	1994	\N	\N
tt22639900	tvEpisode	Episode #2.2	Episode #2.2	0	2021	\N	\N
tt2267030	tvEpisode	Episode dated 26 July 2012	Episode dated 26 July 2012	0	2012	\N	\N
tt2271610	tvEpisode	Episode dated 14 May 2002	Episode dated 14 May 2002	0	2002	\N	\N
tt22766534	tvEpisode	Episode #1.18	Episode #1.18	0	2022	\N	\N
tt22798070	tvEpisode	Episode dated 30 September 2022	Episode dated 30 September 2022	0	2022	\N	\N
tt22800354	tvEpisode	Episode #1.19	Episode #1.19	0	2019	\N	\N
tt22817218	movie	Student Life (Rajasthani Film)	Student Life (Rajasthani Film)	0	2015	\N	\N
tt2284611	tvEpisode	Episode dated 3 March 2012	Episode dated 3 March 2012	0	2012	\N	\N
tt2296681	video	Cat Scan	Cat Scan	0	2011	\N	2
tt23028754	tvEpisode	Episode #1.16	Episode #1.16	0	2022	\N	\N
tt23030050	tvEpisode	Episode #1.13	Episode #1.13	0	\N	\N	\N
tt23051582	tvEpisode	Episode #1.8	Episode #1.8	0	2018	\N	\N
tt2305204	tvEpisode	Episode #1.5	Episode #1.5	0	1985	\N	\N
tt23117694	tvEpisode	Episode #1.22	Episode #1.22	0	2021	\N	\N
tt23146886	tvEpisode	Episode #1.1864	Episode #1.1864	0	2022	\N	\N
tt2320568	video	Big Butts Like It Big 10	Big Butts Like It Big 10	1	2012	\N	236
tt2324226	tvEpisode	Episode #11.3	Episode #11.3	0	2003	\N	\N
tt23333964	tvEpisode	Episode #1.7	Episode #1.7	0	2022	\N	\N
tt2342562	short	The Sound of a Yellow Flower	The Sound of a Yellow Flower	0	2012	\N	11
tt2343317	tvEpisode	Episode #1.24	Episode #1.24	0	2012	\N	\N
tt2345038	tvEpisode	Episode #3.196	Episode #3.196	0	1969	\N	\N
tt2358928	tvEpisode	Episode #3.1	Episode #3.1	0	2012	\N	\N
tt2359679	tvEpisode	Episode #1.3	Episode #1.3	0	2012	\N	22
tt23632552	tvEpisode	Episode #1.78	Episode #1.78	0	\N	\N	\N
tt2369041	movie	Legendary	Legendary	0	2013	\N	92
tt23729242	tvEpisode	Episode #1.386	Episode #1.386	0	\N	\N	\N
tt23832096	tvEpisode	Episode #1.9	Episode #1.9	0	2022	\N	\N
tt23865480	tvEpisode	Episode dated 15 March 1996	Episode dated 15 March 1996	0	1996	\N	\N
tt2396967	tvEpisode	Episode #1.12574	Episode #1.12574	0	2012	\N	\N
tt24083820	tvEpisode	Episode #1.56	Episode #1.56	0	1970	\N	\N
tt2417784	short	Okupas	Okupas	0	2012	\N	9
tt24183420	tvEpisode	Episode #1.48	Episode #1.48	0	2019	\N	\N
tt24215516	tvEpisode	Episode #3.3	Episode #3.3	0	2017	\N	\N
tt2427982	tvEpisode	Episode #1.157	Episode #1.157	0	2008	\N	\N
tt24365068	tvEpisode	Episode #1.131	Episode #1.131	0	1983	\N	\N
tt2469846	tvEpisode	Episode #1.1323	Episode #1.1323	0	1971	\N	30
tt2470474	tvEpisode	Episode #1.1407	Episode #1.1407	0	1971	\N	30
tt24948814	tvEpisode	Episode #1.53	Episode #1.53	0	2022	\N	\N
tt25148730	tvEpisode	Episode #1.21	Episode #1.21	0	2017	\N	\N
tt25190704	tvEpisode	Episode #1.21	Episode #1.21	0	2020	\N	\N
tt25219236	tvEpisode	Episode #1.268	Episode #1.268	0	2022	\N	\N
tt25219778	tvEpisode	Episode #1.284	Episode #1.284	0	2022	\N	\N
tt25389356	tvEpisode	Episode #1.3902	Episode #1.3902	0	2022	\N	\N
tt25491372	tvEpisode	Episode #30.23	Episode #30.23	0	2021	\N	55
tt25638326	tvEpisode	Episode #1.4	Episode #1.4	0	1982	\N	\N
tt25644656	tvEpisode	Episode #1.373	Episode #1.373	0	\N	\N	\N
tt25729998	tvEpisode	Episode #1.8	Episode #1.8	0	2005	\N	\N
tt25806212	tvEpisode	Episode #1.1106	Episode #1.1106	0	\N	\N	\N
tt2615128	tvEpisode	Episode #1.130	Episode #1.130	0	1962	\N	\N
tt26176872	tvEpisode	Episode #1.91	Episode #1.91	0	\N	\N	\N
tt26229302	tvEpisode	Episode #1.54	Episode #1.54	0	1980	\N	\N
tt2625142	tvEpisode	Episode dated 24 January 2013	Episode dated 24 January 2013	0	2013	\N	\N
tt2628290	tvEpisode	Episode dated 13 January 2013	Episode dated 13 January 2013	0	2013	\N	\N
tt26315081	tvEpisode	Episode #1.3	Episode #1.3	0	2013	\N	\N
tt26349539	tvEpisode	Episode #1.1701	Episode #1.1701	0	1958	\N	120
tt26393678	tvEpisode	Episode #1.6	Episode #1.6	0	2023	\N	\N
tt26427014	tvEpisode	Episode #1.179	Episode #1.179	0	\N	\N	\N
tt26440457	tvEpisode	Episode #1.14	Episode #1.14	0	1997	\N	\N
tt26473620	tvEpisode	Episode #1.205	Episode #1.205	0	\N	\N	\N
tt26489299	tvEpisode	Episode #1.290	Episode #1.290	0	2022	\N	\N
tt26512619	tvEpisode	Episode #1.638	Episode #1.638	0	2022	\N	\N
tt26674953	tvEpisode	Episode #1.401	Episode #1.401	0	\N	\N	\N
tt26678732	tvEpisode	Episode dated 18 December 1974	Episode dated 18 December 1974	0	1974	\N	\N
tt26899719	tvEpisode	Episode #1.35	Episode #1.35	0	\N	\N	\N
tt26907089	tvEpisode	Episode #1.32	Episode #1.32	0	\N	\N	\N
tt2693654	tvEpisode	Episode #1.66	Episode #1.66	0	2011	\N	\N
tt2700400	movie	The urawaza onanii	The urawaza onanii	0	1992	\N	60
tt2722636	short	Gödel Incomplete	Gödel Incomplete	0	2013	\N	13
tt2746088	short	Exercices d'armes et d'équitation: Attaque d'une section d'artillerie	Exercices d'armes et d'équitation: Attaque d'une section d'artillerie	0	1903	\N	\N
tt2763422	tvEpisode	Episode #5.4	Episode #5.4	0	2013	\N	48
tt2820200	tvEpisode	Episode #2.57	Episode #2.57	0	2013	\N	\N
tt2828940	tvEpisode	Episode #1.244	Episode #1.244	0	1999	\N	\N
tt2880692	tvEpisode	Episode dated 7 May 2013	Episode dated 7 May 2013	0	2013	\N	\N
tt2900624	movie	All Hallows' Eve	All Hallows' Eve	0	2013	\N	83
tt2903532	movie	Herschel Sizemore: Mandolin in B	Herschel Sizemore: Mandolin in B	0	2013	\N	57
tt2971420	tvSeries	Britography	Britography	0	2002	\N	60
tt3008454	tvEpisode	Episode dated 25 June 2011	Episode dated 25 June 2011	0	2011	\N	\N
tt3041540	tvEpisode	Endgültig vorbei	Endgültig vorbei	0	2013	\N	\N
tt3058270	video	Barely Legal Straight a Students 2	Barely Legal Straight a Students 2	1	2010	\N	93
tt3060698	movie	Treasure Hunters	Treasure Hunters	0	2015	\N	85
tt3065848	video	4 bi 4	4 bi 4	1	2006	\N	119
tt3067124	tvEpisode	Episode #5.55	Episode #5.55	0	1997	\N	\N
tt3069642	tvEpisode	Episode #1.10	Episode #1.10	0	1989	\N	\N
tt3126372	tvEpisode	Episode dated 21 August 2013	Episode dated 21 August 2013	0	2013	\N	\N
tt3166872	tvEpisode	Episode #2.2	Episode #2.2	0	2012	\N	\N
tt3184262	tvEpisode	Episode dated 13 September 2013	Episode dated 13 September 2013	0	2013	\N	\N
tt3193568	tvEpisode	Episode dated 16 June 2011	Episode dated 16 June 2011	0	2011	\N	\N
tt3193646	tvEpisode	Episode dated 6 September 2011	Episode dated 6 September 2011	0	2011	\N	\N
tt3206116	short	Motor v. Horse	Motor v. Horse	0	1905	\N	\N
tt3287872	tvEpisode	Episode #3.206	Episode #3.206	0	2010	\N	\N
tt3294064	tvEpisode	Episode #3.135	Episode #3.135	0	2008	\N	30
tt3322438	short	Voices	Voices	0	2013	\N	\N
tt3325440	short	Carrie vs. Jason	Carrie vs. Jason	0	2013	\N	\N
tt3339578	tvEpisode	Episode #9.1	Episode #9.1	0	2014	\N	\N
tt3377750	tvEpisode	Episode #1.4470	Episode #1.4470	0	1985	\N	\N
tt3402110	movie	Tazza: The Hidden Card	Tajja: Sineui son	0	2014	\N	147
tt3421858	video	Christmas with Rupert	Christmas with Rupert	0	2013	\N	14
tt3434918	tvEpisode	Episode #1.195	Episode #1.195	0	2010	\N	\N
tt3506526	tvEpisode	Episode #3.49	Episode #3.49	0	2013	\N	\N
tt3563514	tvEpisode	Episode dated 10 March 2014	Episode dated 10 March 2014	0	2014	\N	\N
tt3593564	tvEpisode	Episode #9.4	Episode #9.4	0	2013	\N	\N
tt3600524	short	Absolutely Breathtaking	Absolutely Breathtaking	0	2013	\N	\N
tt3641852	tvEpisode	Episode #1.41	Episode #1.41	0	2014	\N	\N
tt3665402	movie	Ladies Lust Love	Ladies Lust Love	0	2014	\N	104
tt3716666	tvEpisode	Episode #3.4	Episode #3.4	0	2010	\N	\N
tt3721670	tvEpisode	Episode #1.139	Episode #1.139	0	2014	\N	\N
tt3779898	tvEpisode	Episode #1.2	Episode #1.2	0	2011	\N	\N
tt3786148	tvEpisode	Episode #3.6	Episode #3.6	0	2011	\N	\N
tt3787818	tvEpisode	Episode dated 12 June 2014	Episode dated 12 June 2014	0	2014	\N	\N
tt3803006	tvEpisode	Episode #2.4	Episode #2.4	0	2007	\N	23
tt3809182	tvEpisode	Episode #1.290	Episode #1.290	0	2009	\N	\N
tt3811168	tvEpisode	Episode #1.249	Episode #1.249	0	\N	\N	45
tt3858170	tvEpisode	Episode dated 9 July 2014	Episode dated 9 July 2014	0	2014	\N	\N
tt3864666	tvEpisode	Episode #1.237	Episode #1.237	0	2014	\N	45
tt3873362	tvEpisode	Episode #1.5	Episode #1.5	0	2006	\N	\N
tt3875244	short	Cathouse	Cathouse	0	2013	\N	5
tt3889962	movie	Clown Shank	Clown Shank	0	2014	\N	79
tt3920040	tvEpisode	Episode #1.6	Episode #1.6	0	2011	\N	\N
tt3929742	tvEpisode	Episode #1.2347	Episode #1.2347	0	\N	\N	\N
tt3937594	tvEpisode	Episode #1.5770	Episode #1.5770	0	\N	\N	\N
tt3972792	short	Selling Rosario	Selling Rosario	0	2014	\N	17
tt4029018	tvEpisode	Episode #9.1	Episode #9.1	0	2001	\N	48
tt4068224	tvEpisode	Episode #1.6993	Episode #1.6993	0	2014	\N	30
tt4077514	short	Mr. Lune	Mr. Lune	0	2014	\N	5
tt4126838	tvSeries	Ena fos stin omihli	Ena fos stin omihli	0	1972	\N	\N
tt4128710	tvEpisode	Episode #1.2	Episode #1.2	0	1987	\N	90
tt4226100	tvEpisode	Episode #1.2013	Episode #1.2013	0	1995	\N	\N
tt4232576	tvEpisode	Episode dated 6 February 1992	Episode dated 6 February 1992	0	1992	\N	\N
tt4311182	tvEpisode	Emma - Leiche im Gepack	Emma - Leiche im Gepack	0	2014	\N	\N
tt4313144	tvEpisode	Episode dated 25 January 2015	Episode dated 25 January 2015	0	2015	\N	\N
tt4332894	tvEpisode	Episode dated 18 September 2013	Episode dated 18 September 2013	0	2013	\N	\N
tt4333550	tvEpisode	Episode dated 9 January 1965	Episode dated 9 January 1965	0	1965	\N	8
tt4350054	tvEpisode	Episode #1.1	Episode #1.1	0	\N	\N	\N
tt4395500	tvEpisode	Episode #1.46	Episode #1.46	0	2007	\N	42
tt4405526	tvEpisode	Episode #1.3636	Episode #1.3636	0	1978	\N	\N
tt4418638	tvEpisode	Episode dated 14 April 2014	Episode dated 14 April 2014	0	2014	\N	\N
tt4475664	tvEpisode	Episode #1.30	Episode #1.30	0	\N	\N	\N
tt4483798	tvEpisode	Episode dated 10 December 2014	Episode dated 10 December 2014	0	2014	\N	\N
tt4491456	tvMiniSeries	The Seventies	The Seventies	0	2015	2015	42
tt4582970	tvEpisode	Episode #1.134	Episode #1.134	0	\N	\N	\N
tt4583010	tvEpisode	Episode #1.159	Episode #1.159	0	\N	\N	\N
tt4594234	video	The Doctor	The Doctor	1	2014	\N	118
tt4648436	tvEpisode	Episode dated 13 October 1996	Episode dated 13 October 1996	0	1996	\N	\N
tt4671446	tvEpisode	Episode dated 20 November 2007	Episode dated 20 November 2007	0	2007	\N	\N
tt4678064	tvEpisode	Episode #3.12	Episode #3.12	0	2015	\N	\N
tt4683316	tvEpisode	Episode #2.15	Episode #2.15	0	2005	\N	\N
tt4720192	tvEpisode	Episode #1.35	Episode #1.35	0	2015	\N	\N
tt4723692	tvEpisode	Episode dated 4 June 2015	Episode dated 4 June 2015	0	2015	\N	\N
tt4756418	tvEpisode	Episode #1.3	Episode #1.3	0	2002	\N	\N
tt4779668	tvEpisode	Episode #5.11	Episode #5.11	0	2010	\N	\N
tt4787810	tvEpisode	Episode #1.295	Episode #1.295	0	\N	\N	\N
tt4854576	tvEpisode	Episode dated 27 March 2015	Episode dated 27 March 2015	0	2015	\N	\N
tt4882160	movie	Fred Mulligan's Showcase of Stars Episode 2	Fred Mulligan's Showcase of Stars Episode 2	0	2015	\N	50
tt4911502	tvEpisode	Episode dated 11 July 2011	Episode dated 11 July 2011	0	2011	\N	\N
tt4947716	tvEpisode	Episode #1.10695	Episode #1.10695	0	2015	\N	\N
tt4966380	tvEpisode	Episode dated 25 August 2015	Episode dated 25 August 2015	0	2015	\N	\N
tt4984548	tvEpisode	Episode #1.68	Episode #1.68	0	\N	\N	\N
tt5038754	tvEpisode	Episode #1.94	Episode #1.94	0	2015	\N	\N
tt5045938	tvEpisode	Episode #4.32	Episode #4.32	0	1972	\N	55
tt5109456	tvEpisode	Episode #1.61	Episode #1.61	0	1980	\N	\N
tt5115848	tvEpisode	Episode #1.38	Episode #1.38	0	1964	\N	22
tt5172728	tvEpisode	Episode dated 15 November 2015	Episode dated 15 November 2015	0	2015	\N	\N
tt5238698	tvSpecial	Freek de Jonge: De mythe	Freek de Jonge: De mythe	0	1983	\N	116
tt5335038	video	Shinjin 114cm K-cup Anna	Shinjin 114cm K-cup Anna	1	2010	\N	120
tt5361840	tvEpisode	Episode dated 6 December 2009	Episode dated 6 December 2009	0	2009	\N	\N
tt5400626	tvEpisode	Episode #1.7201	Episode #1.7201	0	\N	\N	\N
tt5467666	short	Podvig na Zeravshane	Podvig na Zeravshane	0	1964	\N	\N
tt5495682	tvEpisode	Episode #1.234	Episode #1.234	0	2016	\N	\N
tt5517774	tvEpisode	Episode #3.2	Episode #3.2	0	1959	\N	\N
tt5522248	tvEpisode	Episode #1.11	Episode #1.11	0	2016	\N	\N
tt5540030	tvEpisode	Episode dated 16 March 2016	Episode dated 16 March 2016	0	2016	\N	\N
tt5566008	tvEpisode	Episode #5.75	Episode #5.75	0	2016	\N	\N
tt5572950	tvEpisode	Episode #1.1	Episode #1.1	0	2015	\N	\N
tt5594490	tvSeries	Foursome	Foursome	0	2016	2018	23
tt5626838	short	Editors on Editing: Joe Walker - Sicario	Editors on Editing: Joe Walker - Sicario	0	2016	\N	18
tt5638822	tvEpisode	Episode dated 14 April 2016	Episode dated 14 April 2016	0	2016	\N	\N
tt5731794	tvEpisode	Episode #1.961	Episode #1.961	0	1996	\N	22
tt5782228	tvEpisode	Episode #1.37	Episode #1.37	0	2016	\N	\N
tt5797422	tvEpisode	Episode #7.164	Episode #7.164	0	2016	\N	60
tt5824010	tvEpisode	Episode dated 5 July 1977	Episode dated 5 July 1977	0	1977	\N	\N
tt5864882	tvEpisode	Episode #1.3	Episode #1.3	0	2009	\N	\N
tt5905344	tvSeries	The Optimists	The Optimists	0	2017	2017	60
tt5917856	short	Whisper	Whisper	0	2015	\N	3
tt5936882	tvEpisode	Episode #9.4	Episode #9.4	0	2013	\N	\N
tt5939660	tvEpisode	Episode #11.10	Episode #11.10	0	2016	\N	\N
tt5960816	tvEpisode	Episode #1.1	Episode #1.1	0	1989	\N	\N
tt5962384	short	The Nutcracker Princess	The Nutcracker Princess	0	2016	\N	\N
tt5963320	tvSeries	Ceará Fora da Casinha	Ceará Fora da Casinha	0	2016	\N	\N
tt5967028	tvEpisode	Episode #8.21	Episode #8.21	0	1983	\N	\N
tt6055682	tvEpisode	Episode #1.3	Episode #1.3	0	1967	\N	\N
tt6070190	tvEpisode	Episode #1.20	Episode #1.20	0	2004	\N	\N
tt6078732	tvEpisode	Episode dated 19 September 2016	Episode dated 19 September 2016	0	2016	\N	\N
tt6089368	tvEpisode	Episode dated 13 July 1982	Episode dated 13 July 1982	0	1982	\N	\N
tt6101380	short	Pop	Pop	0	2016	\N	\N
tt6107904	movie	Debajo de la Cama	Debajo de la Cama	0	\N	\N	165
tt6122506	tvEpisode	Episode #2.221	Episode #2.221	0	1974	\N	\N
tt6138224	tvEpisode	Episode #7.1	Episode #7.1	0	\N	\N	\N
tt6176086	tvEpisode	Episode #1.11031	Episode #1.11031	0	2016	\N	\N
tt6237906	tvEpisode	Episode #7.8	Episode #7.8	0	\N	\N	\N
tt6306842	tvEpisode	Episode #1.56	Episode #1.56	0	\N	\N	\N
tt6310434	tvEpisode	Episode #1.1840	Episode #1.1840	0	2007	\N	\N
tt6310684	tvEpisode	Episode #1.1965	Episode #1.1965	0	2009	\N	\N
tt6342398	videoGame	Saint Seiya: Soldiers' Soul	Seinto Seiya: Sorujâzu souru	0	2015	\N	\N
tt6378460	tvEpisode	Episode dated 23 December 2013	Episode dated 23 December 2013	0	2013	\N	\N
tt6382820	short	Kvailai	Kvailai	0	2016	\N	\N
tt6383318	tvEpisode	Episode #1.9	Episode #1.9	0	2016	\N	68
tt6390506	short	Sons of Sabbath: Warnibloid	Sons of Sabbath: Warnibloid	0	2015	\N	\N
tt6454714	tvEpisode	Episode #11.29	Episode #11.29	0	2017	\N	\N
tt6506324	tvEpisode	Episode dated 2 February 2017	Episode dated 2 February 2017	0	2017	\N	\N
tt6590932	tvEpisode	Episode #6.7	Episode #6.7	0	2004	\N	86
tt6600956	tvEpisode	Episode #1.4	Episode #1.4	0	2013	\N	\N
tt6601668	tvEpisode	Episode #1.32	Episode #1.32	0	\N	\N	\N
tt6625036	tvEpisode	Episode #1.30	Episode #1.30	0	2012	\N	\N
tt6626790	tvEpisode	Episode #9.146	Episode #9.146	0	1970	\N	\N
tt6632642	tvEpisode	Episode #1.16	Episode #1.16	0	1985	\N	\N
tt6635750	tvEpisode	Episode #1.27	Episode #1.27	0	1984	\N	\N
tt6639960	movie	NK: The Sedulous Warrior	NK: The Sedulous Warrior	0	\N	\N	\N
tt6681272	tvEpisode	Tobias startet mit Evas Hilfe seinen Casinocoup	Tobias startet mit Evas Hilfe seinen Casinocoup	0	2009	\N	\N
tt6733736	tvEpisode	Episode #1.6	Episode #1.6	0	1991	\N	\N
tt6746972	tvEpisode	Episode #1.31	Episode #1.31	0	2010	\N	61
tt6794288	tvEpisode	Episode #1.10	Episode #1.10	0	2016	\N	\N
tt6804856	tvEpisode	Episode dated 7 October 2016	Episode dated 7 October 2016	0	2016	\N	\N
tt6806128	tvEpisode	Episode #1.9	Episode #1.9	0	\N	\N	\N
tt6811374	tvEpisode	Episode #4.119	Episode #4.119	0	2017	\N	\N
tt6814032	tvEpisode	Episode #1.3	Episode #1.3	0	2015	\N	\N
tt6815106	tvEpisode	Episode #1.3	Episode #1.3	0	2017	\N	58
tt6823816	tvEpisode	Episode #1.1173	Episode #1.1173	0	\N	\N	\N
tt6864274	tvEpisode	Episode dated 16 February 2012	Episode dated 16 February 2012	0	2012	\N	\N
tt6882156	tvEpisode	Episode #1.8	Episode #1.8	0	2014	\N	\N
tt6890130	tvEpisode	Episode #15.9	Episode #15.9	0	2016	\N	\N
tt6920848	tvEpisode	Episode dated 18 May 2017	Episode dated 18 May 2017	0	2017	\N	\N
tt6939988	tvEpisode	Episode dated 15 October 2015	Episode dated 15 October 2015	0	2015	\N	\N
tt6954618	short	The Weight of Injustice	The Weight of Injustice	0	2017	\N	8
tt7007020	tvEpisode	Episode dated 2 October 1998	Episode dated 2 October 1998	0	1998	\N	\N
tt7017256	tvEpisode	Episode #1.60	Episode #1.60	0	2005	\N	\N
tt7020844	tvEpisode	Episode #1.55	Episode #1.55	0	1985	\N	\N
tt7048576	tvEpisode	Episode #1.61	Episode #1.61	0	\N	\N	\N
tt7052906	tvEpisode	Episode #2.11	Episode #2.11	0	2000	\N	\N
tt7111450	short	Kiko	Kiko	0	2017	\N	30
tt7135982	tvEpisode	Episode #1.90	Episode #1.90	0	1983	\N	\N
tt7198674	tvEpisode	Episode #1.96	Episode #1.96	0	2012	\N	\N
tt7233114	tvEpisode	Episode #1.107	Episode #1.107	0	2005	\N	44
tt7256484	tvEpisode	Episode #2.4	Episode #2.4	0	2017	\N	25
tt7306654	tvEpisode	Episode #1.90	Episode #1.90	0	1986	\N	22
tt7326528	tvEpisode	Episode #36.308	Episode #36.308	0	2017	\N	\N
tt7381522	tvEpisode	Episode dated 15 September 2017	Episode dated 15 September 2017	0	2017	\N	\N
tt7416272	movie	Myohôin kanpachî: kôhen	Myohôin kanpachî: kôhen	0	1932	\N	\N
tt7431034	tvEpisode	Episode #1.564	Episode #1.564	0	2008	\N	48
tt7460282	tvEpisode	Episode #5.1	Episode #5.1	0	2016	\N	\N
tt7523030	tvEpisode	Episode #2.37	Episode #2.37	0	2017	\N	60
tt7524182	tvEpisode	Episode #1.20	Episode #1.20	0	1988	\N	22
tt7524934	movie	MDMA: The Movie	MDMA: The Movie	0	\N	\N	\N
tt7546190	movie	The God Who Speaks	The God Who Speaks	0	2018	\N	92
tt7553018	tvEpisode	Episode dated 25 October 2017	Episode dated 25 October 2017	0	2017	\N	\N
tt7606842	tvEpisode	Encuentros incómodos	Encuentros incómodos	0	2006	\N	42
tt7609544	short	War Sweet Home	War Sweet Home	0	2017	\N	\N
tt7615604	tvEpisode	Episode #1.8	Episode #1.8	0	2007	\N	44
tt7618834	tvEpisode	Episode #1.38	Episode #1.38	0	2007	\N	44
tt7619290	tvEpisode	Episode #1.222	Episode #1.222	0	2007	\N	\N
tt7662630	tvEpisode	Episode #3.10	Episode #3.10	0	1995	\N	\N
tt7665202	tvEpisode	Episode dated 20 November 2017	Episode dated 20 November 2017	0	2017	\N	\N
tt7694212	tvEpisode	Episode #6.1	Episode #6.1	0	1992	\N	60
tt7705948	tvEpisode	Episode #1.46	Episode #1.46	0	2015	\N	45
tt7715682	tvEpisode	Episode #1.95	Episode #1.95	0	2017	\N	\N
tt7763718	tvEpisode	Episode #1.179	Episode #1.179	0	1991	\N	\N
tt7767872	tvEpisode	Episode #1.28	Episode #1.28	0	2016	\N	\N
tt7791482	tvEpisode	Episode #1.65	Episode #1.65	0	2013	\N	45
tt7801588	tvEpisode	An Empire Without A Ruler	An Empire Without A Ruler	0	1999	\N	\N
tt7807860	tvEpisode	Episode #1.107	Episode #1.107	0	1993	\N	\N
tt7810122	tvEpisode	Episode #22.72	Episode #22.72	0	2017	\N	\N
tt7842240	tvEpisode	Episode #2.8	Episode #2.8	0	\N	\N	\N
tt7849142	tvEpisode	Episode #4.20	Episode #4.20	0	2007	\N	\N
tt7859954	tvEpisode	Episode #1.57	Episode #1.57	0	1992	\N	\N
tt7872868	tvEpisode	Episode #3.5	Episode #3.5	0	2018	\N	44
tt7887820	tvEpisode	Episode #1.73	Episode #1.73	0	2012	\N	\N
tt7916854	tvEpisode	Episode #1.45	Episode #1.45	0	1988	\N	\N
tt7917776	tvEpisode	Episode #1.187	Episode #1.187	0	1974	\N	\N
tt7944840	tvEpisode	Episode #1.1	Episode #1.1	0	2010	\N	\N
tt7957766	tvEpisode	Episode #1.75	Episode #1.75	0	1986	\N	44
tt7960984	tvEpisode	Marina rechaza a Ricardo y le cuenta su pasado	Marina rechaza a Ricardo y le cuenta su pasado	0	2018	\N	\N
tt7965002	tvEpisode	Episode #1.114	Episode #1.114	0	1986	\N	22
tt8002438	tvEpisode	Episode dated 24 January 2018	Episode dated 24 January 2018	0	2018	\N	\N
tt8013334	tvEpisode	Episode #1.47	Episode #1.47	0	1999	\N	\N
tt8025528	tvEpisode	Episode #1.188	Episode #1.188	0	1983	\N	22
tt8049806	tvEpisode	Episode dated 18 December 2015	Episode dated 18 December 2015	0	2015	\N	\N
tt8053248	tvEpisode	Episode #1.80	Episode #1.80	0	1993	\N	\N
tt8056852	tvEpisode	Episode #2.26	Episode #2.26	0	2018	\N	\N
tt8111822	tvEpisode	Episode #1.82	Episode #1.82	0	2017	\N	\N
tt8157492	tvEpisode	Episode #2.126	Episode #2.126	0	2001	\N	\N
tt8161770	tvEpisode	Episode #2.29	Episode #2.29	0	1991	\N	\N
tt8186026	tvEpisode	Episode #1.107	Episode #1.107	0	1975	\N	\N
tt8225916	tvEpisode	Episode #1.7	Episode #1.7	0	2018	\N	\N
tt8235956	tvEpisode	Episode #2.3	Episode #2.3	0	2018	\N	\N
tt8249982	tvEpisode	Episode #1.74	Episode #1.74	0	1991	\N	\N
tt8256904	tvEpisode	Episode #1.46	Episode #1.46	0	1986	\N	22
tt8261190	tvEpisode	Episode #1.112	Episode #1.112	0	2006	\N	\N
tt8270714	tvEpisode	Episode #1.100	Episode #1.100	0	1971	\N	30
tt8278390	tvEpisode	Episode dated 4 January 1982	Episode dated 4 January 1982	0	1982	\N	\N
tt8321146	tvEpisode	Episode #1.103	Episode #1.103	0	2008	\N	\N
tt8372472	tvEpisode	Episode #1.11	Episode #1.11	0	1997	\N	\N
tt8415890	short	Care	Care	0	2017	\N	16
tt8558858	tvEpisode	Episode #1.58	Episode #1.58	0	1985	\N	\N
tt8613700	tvEpisode	Episode #2.35	Episode #2.35	0	1983	\N	\N
tt8617314	tvEpisode	Episode #1.124	Episode #1.124	0	2002	\N	\N
tt8630740	tvEpisode	Episode #1.77	Episode #1.77	0	1972	\N	\N
tt8644474	tvEpisode	Episode dated 9 May 2012	Episode dated 9 May 2012	0	2012	\N	\N
tt8656264	tvSeries	Líbero	Líbero	0	2003	\N	\N
tt8659914	tvMovie	Washington in the '90s	Washington in the '90s	0	2018	\N	60
tt8661306	tvMiniSeries	Back in Time for Dinner	Back in Time for Dinner	0	2018	2020	60
tt8701996	tvEpisode	Episode #1.61	Episode #1.61	0	1974	\N	45
tt8705128	tvEpisode	Episode #1.8	Episode #1.8	0	1981	\N	50
tt8712998	movie	Modesty	Modesty	1	2016	\N	\N
tt8730594	tvEpisode	Episode #1.13	Episode #1.13	0	1975	\N	50
tt8734274	tvEpisode	Episode #1.121	Episode #1.121	0	1966	\N	\N
tt8741436	tvEpisode	Episode #1.8	Episode #1.8	0	1994	\N	\N
tt8767596	short	LIONS	LIONS	0	2019	\N	\N
tt8774934	movie	Manga do, Igort e la via del Manga	Manga do, Igort e la via del Manga	0	2018	\N	60
tt8785544	tvEpisode	Episode #1.26	Episode #1.26	0	1971	\N	\N
tt8838574	short	Seanie & Flo	Seanie & Flo	0	2018	\N	13
tt8871596	tvEpisode	Episode #1.37	Episode #1.37	0	1977	\N	50
tt8889746	tvEpisode	Episode #1.108	Episode #1.108	0	1996	\N	\N
tt8893944	tvEpisode	Episode dated 15 August 2018	Episode dated 15 August 2018	0	2018	\N	\N
tt8899032	tvEpisode	Episode #1.65	Episode #1.65	0	1981	\N	\N
tt8937422	tvEpisode	Episode #5.4	Episode #5.4	0	2018	\N	\N
tt8957242	tvEpisode	Episode #1.9	Episode #1.9	0	2017	\N	\N
tt8957894	tvEpisode	Episode #1.66	Episode #1.66	0	2002	\N	\N
tt8984258	tvEpisode	Episode #1.46	Episode #1.46	0	1992	\N	\N
tt9039552	tvEpisode	Episode #1.14173	Episode #1.14173	0	2018	\N	\N
tt9047920	tvEpisode	Episode #2.30	Episode #2.30	0	1994	\N	\N
tt9087904	tvEpisode	Episode #1.72	Episode #1.72	0	2018	\N	\N
tt9091734	tvEpisode	Episode #1.1916	Episode #1.1916	0	2018	\N	\N
tt9095460	tvEpisode	Episode #1.22	Episode #1.22	0	2012	\N	\N
tt9096818	tvEpisode	Episode #1.58	Episode #1.58	0	2016	\N	\N
tt9113140	tvEpisode	Episode #1.56	Episode #1.56	0	1985	\N	\N
tt9118906	tvEpisode	Episode #1.50	Episode #1.50	0	2007	\N	\N
tt9137814	tvEpisode	Episode #1.13	Episode #1.13	0	2018	\N	\N
tt9145364	tvEpisode	Episode #35.28	Episode #35.28	0	2018	\N	\N
tt9173964	short	Zero	Zero	0	2018	\N	3
tt9193386	tvEpisode	Episode #25.52	Episode #25.52	0	2018	\N	\N
tt9254144	tvEpisode	Episode #1.39	Episode #1.39	0	2001	\N	\N
tt9259214	tvEpisode	Episode #1.144	Episode #1.144	0	1972	\N	\N
tt9285692	tvEpisode	Episode #1.85	Episode #1.85	0	2011	\N	\N
tt9316294	tvEpisode	Episode #1.295	Episode #1.295	0	2012	\N	\N
tt9400474	tvEpisode	Episode #1.114	Episode #1.114	0	2008	\N	\N
tt9448890	tvEpisode	Episode #1.48	Episode #1.48	0	2017	\N	35
tt9453664	tvEpisode	Episode #1.116	Episode #1.116	0	1995	\N	\N
tt9459562	tvEpisode	Episode #1.105	Episode #1.105	0	2011	\N	\N
tt9517408	tvEpisode	Episode #4.32	Episode #4.32	0	2018	\N	\N
tt9528436	tvEpisode	Episode #1.401	Episode #1.401	0	2008	\N	\N
tt9537594	tvEpisode	Episode #8.8	Episode #8.8	0	2018	\N	\N
tt9545388	tvEpisode	Episode #1.82	Episode #1.82	0	2010	\N	\N
tt9548014	tvEpisode	Episode #7.93	Episode #7.93	0	2019	\N	19
tt9550348	tvEpisode	Freaked Review: Pretty Freakin' Gross	Freaked Review: Pretty Freakin' Gross	0	2019	\N	\N
tt9554968	tvEpisode	Episode #1.645	Episode #1.645	0	2012	\N	\N
tt9605920	tvEpisode	Episode dated 14 January 2019	Episode dated 14 January 2019	0	2019	\N	\N
tt9644392	tvEpisode	Episode #2.85	Episode #2.85	0	2019	\N	\N
tt9650290	tvEpisode	Episode #1.1052	Episode #1.1052	0	2015	\N	\N
tt9654972	tvEpisode	Episode #3.109	Episode #3.109	0	2007	\N	\N
tt9687322	tvEpisode	Episode #1.199	Episode #1.199	0	2012	\N	\N
tt9693678	tvEpisode	Episode #6.146	Episode #6.146	0	2014	\N	\N
tt9694388	tvEpisode	Episode #5.38	Episode #5.38	0	2003	\N	\N
tt9698202	tvEpisode	Episode dated 8 December 2018	Episode dated 8 December 2018	0	2018	\N	\N
tt9706688	tvEpisode	Episode #1.398	Episode #1.398	0	2015	\N	30
tt9706978	tvEpisode	Episode #1.56	Episode #1.56	0	2014	\N	\N
tt9713560	tvEpisode	Episode #3.13	Episode #3.13	0	\N	\N	\N
tt9753002	movie	My Grand Farewell	Mi gran despedida	0	2020	\N	80
tt9753452	tvEpisode	Episode #41.45	Episode #41.45	0	2019	\N	\N
tt9765390	tvEpisode	Episode dated 18 August 2014	Episode dated 18 August 2014	0	2014	\N	\N
tt9767292	tvEpisode	Episode #1.146	Episode #1.146	0	2009	\N	\N
tt9767418	tvEpisode	Episode #1.90	Episode #1.90	0	2001	\N	\N
tt9777568	tvEpisode	Episode #35.113	Episode #35.113	0	2019	\N	\N
tt9824788	tvEpisode	Episode #1.387	Episode #1.387	0	2017	\N	\N
tt9826396	tvEpisode	Episode #1.1	Episode #1.1	0	2013	\N	\N
tt9837290	tvEpisode	Episode #1.10	Episode #1.10	0	2019	\N	\N
tt9849582	tvEpisode	Episode #1.3440	Episode #1.3440	0	1967	\N	30
tt9859616	tvSeries	The Golden Eyes	Huang jin tong	0	2019	\N	45
tt9898408	tvEpisode	Episode #1.6	Episode #1.6	0	2019	\N	\N
tt9905086	tvEpisode	Episode dated 12 April 2002	Episode dated 12 April 2002	0	2002	\N	\N
